,TICKER,SECURITY,FIGI-TICKER,FIGI
0,BAC,Bank Of America Corp.,BAC:MM,BBG000L47DC8
1,BACHOCO B,"Industrias Bachoco, S.A.B. DE C.V.",BACHOCO B:MM,BBG000DV4S46
2,BAFAR B,Grupo Bafar S.A.,BAFAR B:MM,BBG000LXWCQ3
3,BAINLAT B,Scotiabank Inverlat S.A.,BAINLAT B:MM,BBG000NC0934
4,BANACCI F,Grupo Financiero Banamex S.A. De C.V.,BANACCI F:MM,BBG000BYD2L0
5,BAP,Credicorp Ltd,BAP:MM,BBG001LZ02B9
6,BAS,Basf SE,BAS:MM,BBG005NRH889
7,BAS,Basf SE,BAS:MM,BBG005NRH889
8,BASFY,Basf SE,BASFY:MM,BBG000BQR5Q0
9,BAX,Baxter International Inc.,BAX:MM,BBG001QYJLX1
10,BAY,Bayer AG,BAY:MM,BBG000BQR6L3
11,BAYRY,Bayer AG,BAYRY:MM,BBG005PTPF97
12,BAYRY,Bayer AG,BAYRY:MM,BBG005PTPF97
13,BBAJIO O,Banco del Bajio S.A.,BBAJIO O:MM,BBG00GNX9462
14,BBD,Banco Bradesco S.A.,BBD:MM,BBG000KLSNP2
15,BBDBN,Bombardier Inc.,BBDBN:MM,BBG0077HCQK6
16,BBH,VanEck Vectors Biotech ETF,BBH:MM,BBG00352S495
17,BBH,VanEck Vectors Biotech ETF,BBH:MM,BBG00352S495
18,BBRY,BlackBerry Ltd,BBRY:MM,BBG000PMXYL9
19,BBVA,Banco Bilbao Vizcaya Argentaria.,BBVA:MM,BBG000L0JTW6
20,BBVAL,BBVA Gestion Accion FTSE Latibex Top ETF,BBVAL:MM,BBG000VFFK64
21,BBY,Best Buy Co. Inc.,BBY:MM,BBG000KTL0J9
22,BCHN,Banco de Chile,BCHN:MM,BBG002ZHSP12
23,BCS,Barclays plc,BCS:MM,BBG000HJ85M5
24,BELL,Bell Food Group AG,BELL:MM,BBG00J6PB272
25,BEN,"Franklin Resources, Inc.",BEN:MM,BBG00HZQKK18
26,BEVIDES A,Farmacias Benavides S.A.DE C.V.,BEVIDES A:MM,BBG000LXL759
27,BEVIDES B,Farmacias Benavides S.A.DE C.V.,BEVIDES B:MM,BBG000LZBVR8
28,BG,Bunge Ltd.,BG:MM,BBG0046YBC65
29,BG,Bunge Ltd.,BG:MM,BBG0046YBC65
30,BHI,Baker Hughes Inc.,BHI:MM,BBG000MFRBM3
31,BHP,BHP Billiton Limited,BHP:MM,BBG000L47J71
32,BIDU,Baidu Inc,BIDU:MM,BBG000QP9WS5
33,BIIB,Biogen Inc,BIIB:MM,BBG004PYDM88
34,BIIB,Biogen Inc,BIIB:MM,BBG004PYDM88
35,BIL,SPDR Bloomberg Barclays 1-3 Month T-Bill ETF,BIL:MM,BBG000W2DCM4
36,BIMBO A,Grupo Bimbo S.A.B. DE C.V,BIMBO A:MM,BBG000BQC7M6
37,BIV,Vanguard Intermediate-Term Bond ETF,BIV:MM,BBG000RL04D0
38,BJK,Van Eck Market Vectors Gaming ETF,BJK:MM,BBG001K3XLB3
39,BJK,VanEck Vectors Gaming ETF,BJK:MM,BBG001K3XLB3
40,BKF,BTC iShares MSCI BRIC ETF,BKF:MM,BBG000V1TNY3
41,BLD,TopBuild Corp,BLD:MM,BBG009J9C2L9
42,BLD,TopBuild Corp,BLD:MM,BBG009J9C2L9
43,BLV,Vanguard Long-Term Bond ETF,BLV:MM,BBG000RL0379
44,BMEN,Bolsas Y Mercados Espanoles,BMEN:MM,BBG0073Y3WS2
45,BMWM5,Bayerische Motoren Werke AG,BMWM5:MM,BBG003C5G3T3
46,BMY,Bristol-Myers Squibb Co.,BMY:MM,BBG000L47L12
47,BN,Danone,BN:MM,BBG005PTRJW1
48,BN,Danone,BN:MM,BBG005PTRJW1
49,BND,Vanguard Total Bond Market ETF,BND:MM,BBG000RL05Q3
50,BNDX,Vanguard Total International Bond ETF,BNDX:MM,BBG00864YQM8
51,BNDX,Vanguard Total International Bond ETF,BNDX:MM,BBG00864YQM8
52,BNPN,BNP Paribas,BNPN:MM,BBG005PTW7B4
53,BNPQY,BNP Paribas,BNPQY:MM,BBG000BQR8H4
54,BOLSA A,Bolsa Mexicana De Valores Sab De Cv,BOLSA A:MM,BBG000H8QSM9
55,BP,BP plc,BP:MM,BBG000HJ8796
56,BRCM,Broadcom Corp.,BRCM:MM,BBG004PYDV60
57,BRCM,Broadcom Corp.,BRCM:MM,BBG004PYDV60
58,BRF,VanEck Vectors Brazil Small-Cap ETF,BRF:MM,BBG000PJ0BX9
59,BRTRAC 10,BGI ishares BRTRAC,BRTRAC 10:MM,BBG000QFJVG1
60,BSBR,Banco Santander (Brasil) S.A.,BSBR:MM,BBG000R6LNL9
61,BSBR,Banco Santander (Brasil) S.A.,BSBR:MM,BBG000R6LNL9
62,BSMX,Grupo Financiero Santander Serfin S.A. DE C.V.,BSMX:MM,BBG000J8DPB9
63,BSV,Vanguard Short-Term Bond ETF,BSV:MM,BBG000RL04R5
64,BTEC,Principal Healthcare Innovators Index ETF,BTEC:MM,BBG00K55P2W1
65,BTU,Peabody Energy Corp.,BTU:MM,BBG000RYQWL3
66,BTY,BT Group,BTY:MM,BBG000HJ8830
67,BURL,Burlington Stores Inc,BURL:MM,BBG008G865H1
68,BURL,Burlington Stores Inc,BURL:MM,BBG008G865H1
69,BVN,Compania de Minas Buenaventura S.A.,BVN:MM,BBG001LZ03W4
70,BVN,Compania de Minas Buenaventura S.A.,BVN:MM,BBG001LZ03W4
71,BWX,SPDR Bloomberg Barclays International Treasury Bond ETF,BWX:MM,BBG000W2DC26
72,BXLT,Baxalta Inc,BXLT:MM,BBG009J9C1T3
73,BXLT,Baxalta Inc,BXLT:MM,BBG009J9C1T3
74,BZF,WisdomTree Brazilian Real Strategy Fund,BZF:MM,BBG000QTGDG4
75,C,Citigroup Inc,C:MM,BBG000K16B30
76,CABLE,Empresas Cablevision SA,CABLE:MM,BBG000D2JDG4
77,CABLEA,Empresas Cablevision SA,CABLEA:MM,BBG000MN0JD8
78,CADU A,Corpovael S.A. De C.V.,CADU A:MM,BBG00BDR3YR4
79,CAJ,Canon Inc,CAJ:MM,BBG000F6B382
80,CAR,Avis Budget Group Inc,CAR:MM,BBG009WP5P53
81,CAR,Avis Budget Group Inc,CAR:MM,BBG009WP5P53
82,CAT,Caterpillar Inc.,CAT:MM,BBG000HSSJN2
83,CBD,Cia Brasileira De Distr-pao De Acucar,CBD:MM,BBG000RBDSN4
84,CBKN,Commerzbank AG,CBKN:MM,BBG00594CZH1
85,CBPX,Continental Building Products Inc,CBPX:MM,BBG008B5DV32
86,CBPX,Continental Building Products Inc,CBPX:MM,BBG008B5DV32
87,CC,Chemours Company,CC:MM,BBG009J9GKT7
88,CC,Chemours Company,CC:MM,BBG009J9GKT7
89,CCAU,BlackRock iShares MSCI Canada UCITS ETF USD (Acc),CCAU:MM,BBG00JG0FBN4
90,CCRN,C&C Group,CCRN:MM,BBG0070J0RJ2
91,CCU,Compania Cervecerias Unidas S.A.,CCU:MM,BBG0060GVHD4
92,CCU,Compania Cervecerias Unidas S.A.,CCU:MM,BBG0060GVHD4
93,CDI,Christian Dior SE,CDI:MM,BBG008G86876
94,CDI,Christian Dior SE,CDI:MM,BBG008G86876
95,CELG,Celgene Corp.,CELG:MM,BBG004PYF743
96,CELG,Celgene Corp.,CELG:MM,BBG004PYF743
97,CEMEX A,Cemex S.A.B. De C.V.,CEMEX A:MM,BBG000BGF7N4
98,CEMEX B,Cemex S.A.B. De C.V.,CEMEX B:MM,BBG000BJJZL4
99,CEMEX CPO,Cemex S.A.B. De C.V.,CEMEX CPO:MM,BBG000BJK182
100,BAC,Bank Of America Corp.,BAC:MM,BBG000L47DC8
101,BACHOCO B,"Industrias Bachoco, S.A.B. DE C.V.",BACHOCO B:MM,BBG000DV4S46
102,BAFAR B,Grupo Bafar S.A.,BAFAR B:MM,BBG000LXWCQ3
103,BAINLAT B,Scotiabank Inverlat S.A.,BAINLAT B:MM,BBG000NC0934
104,BANACCI F,Grupo Financiero Banamex S.A. De C.V.,BANACCI F:MM,BBG000BYD2L0
105,BAP,Credicorp Ltd,BAP:MM,BBG001LZ02B9
106,BAS,Basf SE,BAS:MM,BBG005NRH889
107,BAS,Basf SE,BAS:MM,BBG005NRH889
108,BASFY,Basf SE,BASFY:MM,BBG000BQR5Q0
109,BAX,Baxter International Inc.,BAX:MM,BBG001QYJLX1
110,BAY,Bayer AG,BAY:MM,BBG000BQR6L3
111,BAYRY,Bayer AG,BAYRY:MM,BBG005PTPF97
112,BAYRY,Bayer AG,BAYRY:MM,BBG005PTPF97
113,BBAJIO O,Banco del Bajio S.A.,BBAJIO O:MM,BBG00GNX9462
114,BBD,Banco Bradesco S.A.,BBD:MM,BBG000KLSNP2
115,BBDBN,Bombardier Inc.,BBDBN:MM,BBG0077HCQK6
116,BBH,VanEck Vectors Biotech ETF,BBH:MM,BBG00352S495
117,BBH,VanEck Vectors Biotech ETF,BBH:MM,BBG00352S495
118,BBRY,BlackBerry Ltd,BBRY:MM,BBG000PMXYL9
119,BBVA,Banco Bilbao Vizcaya Argentaria.,BBVA:MM,BBG000L0JTW6
120,BBVAL,BBVA Gestion Accion FTSE Latibex Top ETF,BBVAL:MM,BBG000VFFK64
121,BBY,Best Buy Co. Inc.,BBY:MM,BBG000KTL0J9
122,BCHN,Banco de Chile,BCHN:MM,BBG002ZHSP12
123,BCS,Barclays plc,BCS:MM,BBG000HJ85M5
124,BELL,Bell Food Group AG,BELL:MM,BBG00J6PB272
125,BEN,"Franklin Resources, Inc.",BEN:MM,BBG00HZQKK18
126,BEVIDES A,Farmacias Benavides S.A.DE C.V.,BEVIDES A:MM,BBG000LXL759
127,BEVIDES B,Farmacias Benavides S.A.DE C.V.,BEVIDES B:MM,BBG000LZBVR8
128,BG,Bunge Ltd.,BG:MM,BBG0046YBC65
129,BG,Bunge Ltd.,BG:MM,BBG0046YBC65
130,BHI,Baker Hughes Inc.,BHI:MM,BBG000MFRBM3
131,BHP,BHP Billiton Limited,BHP:MM,BBG000L47J71
132,BIDU,Baidu Inc,BIDU:MM,BBG000QP9WS5
133,BIIB,Biogen Inc,BIIB:MM,BBG004PYDM88
134,BIIB,Biogen Inc,BIIB:MM,BBG004PYDM88
135,BIL,SPDR Bloomberg Barclays 1-3 Month T-Bill ETF,BIL:MM,BBG000W2DCM4
136,BIMBO A,Grupo Bimbo S.A.B. DE C.V,BIMBO A:MM,BBG000BQC7M6
137,BIV,Vanguard Intermediate-Term Bond ETF,BIV:MM,BBG000RL04D0
138,BJK,Van Eck Market Vectors Gaming ETF,BJK:MM,BBG001K3XLB3
139,BJK,VanEck Vectors Gaming ETF,BJK:MM,BBG001K3XLB3
140,BKF,BTC iShares MSCI BRIC ETF,BKF:MM,BBG000V1TNY3
141,BLD,TopBuild Corp,BLD:MM,BBG009J9C2L9
142,BLD,TopBuild Corp,BLD:MM,BBG009J9C2L9
143,BLV,Vanguard Long-Term Bond ETF,BLV:MM,BBG000RL0379
144,BMEN,Bolsas Y Mercados Espanoles,BMEN:MM,BBG0073Y3WS2
145,BMWM5,Bayerische Motoren Werke AG,BMWM5:MM,BBG003C5G3T3
146,BMY,Bristol-Myers Squibb Co.,BMY:MM,BBG000L47L12
147,BN,Danone,BN:MM,BBG005PTRJW1
148,BN,Danone,BN:MM,BBG005PTRJW1
149,BND,Vanguard Total Bond Market ETF,BND:MM,BBG000RL05Q3
150,BNDX,Vanguard Total International Bond ETF,BNDX:MM,BBG00864YQM8
151,BNDX,Vanguard Total International Bond ETF,BNDX:MM,BBG00864YQM8
152,BNPN,BNP Paribas,BNPN:MM,BBG005PTW7B4
153,BNPQY,BNP Paribas,BNPQY:MM,BBG000BQR8H4
154,BOLSA A,Bolsa Mexicana De Valores Sab De Cv,BOLSA A:MM,BBG000H8QSM9
155,BP,BP plc,BP:MM,BBG000HJ8796
156,BRCM,Broadcom Corp.,BRCM:MM,BBG004PYDV60
157,BRCM,Broadcom Corp.,BRCM:MM,BBG004PYDV60
158,BRF,VanEck Vectors Brazil Small-Cap ETF,BRF:MM,BBG000PJ0BX9
159,BRTRAC 10,BGI ishares BRTRAC,BRTRAC 10:MM,BBG000QFJVG1
160,BSBR,Banco Santander (Brasil) S.A.,BSBR:MM,BBG000R6LNL9
161,BSBR,Banco Santander (Brasil) S.A.,BSBR:MM,BBG000R6LNL9
162,BSMX,Grupo Financiero Santander Serfin S.A. DE C.V.,BSMX:MM,BBG000J8DPB9
163,BSV,Vanguard Short-Term Bond ETF,BSV:MM,BBG000RL04R5
164,BTEC,Principal Healthcare Innovators Index ETF,BTEC:MM,BBG00K55P2W1
165,BTU,Peabody Energy Corp.,BTU:MM,BBG000RYQWL3
166,BTY,BT Group,BTY:MM,BBG000HJ8830
167,BURL,Burlington Stores Inc,BURL:MM,BBG008G865H1
168,BURL,Burlington Stores Inc,BURL:MM,BBG008G865H1
169,BVN,Compania de Minas Buenaventura S.A.,BVN:MM,BBG001LZ03W4
170,BVN,Compania de Minas Buenaventura S.A.,BVN:MM,BBG001LZ03W4
171,BWX,SPDR Bloomberg Barclays International Treasury Bond ETF,BWX:MM,BBG000W2DC26
172,BXLT,Baxalta Inc,BXLT:MM,BBG009J9C1T3
173,BXLT,Baxalta Inc,BXLT:MM,BBG009J9C1T3
174,BZF,WisdomTree Brazilian Real Strategy Fund,BZF:MM,BBG000QTGDG4
175,C,Citigroup Inc,C:MM,BBG000K16B30
176,CABLE,Empresas Cablevision SA,CABLE:MM,BBG000D2JDG4
177,CABLEA,Empresas Cablevision SA,CABLEA:MM,BBG000MN0JD8
178,CADU A,Corpovael S.A. De C.V.,CADU A:MM,BBG00BDR3YR4
179,CAJ,Canon Inc,CAJ:MM,BBG000F6B382
180,CAR,Avis Budget Group Inc,CAR:MM,BBG009WP5P53
181,CAR,Avis Budget Group Inc,CAR:MM,BBG009WP5P53
182,CAT,Caterpillar Inc.,CAT:MM,BBG000HSSJN2
183,CBD,Cia Brasileira De Distr-pao De Acucar,CBD:MM,BBG000RBDSN4
184,CBKN,Commerzbank AG,CBKN:MM,BBG00594CZH1
185,CBPX,Continental Building Products Inc,CBPX:MM,BBG008B5DV32
186,CBPX,Continental Building Products Inc,CBPX:MM,BBG008B5DV32
187,CC,Chemours Company,CC:MM,BBG009J9GKT7
188,CC,Chemours Company,CC:MM,BBG009J9GKT7
189,CCAU,BlackRock iShares MSCI Canada UCITS ETF USD (Acc),CCAU:MM,BBG00JG0FBN4
190,CCRN,C&C Group,CCRN:MM,BBG0070J0RJ2
191,CCU,Compania Cervecerias Unidas S.A.,CCU:MM,BBG0060GVHD4
192,CCU,Compania Cervecerias Unidas S.A.,CCU:MM,BBG0060GVHD4
193,CDI,Christian Dior SE,CDI:MM,BBG008G86876
194,CDI,Christian Dior SE,CDI:MM,BBG008G86876
195,CELG,Celgene Corp.,CELG:MM,BBG004PYF743
196,CELG,Celgene Corp.,CELG:MM,BBG004PYF743
197,CEMEX A,Cemex S.A.B. De C.V.,CEMEX A:MM,BBG000BGF7N4
198,CEMEX B,Cemex S.A.B. De C.V.,CEMEX B:MM,BBG000BJJZL4
199,CEMEX CPO,Cemex S.A.B. De C.V.,CEMEX CPO:MM,BBG000BJK182
200,CERAMIC B,Internacional De Ceramica S.A. de C.V.,CERAMIC B:MM,BBG000LXP8R9
201,CERAMIC D,Internacional De Ceramica S.A. de C.V.,CERAMIC D:MM,BBG000LXPB10
202,CETETRC ISHRS,BGI ishares LATixx Mexico CETETRAC,CETETRC ISHRS:MM,BBG000N8Y5Z9
203,CEU,BlackRock iShares MSCI EMU UCITS ETF EUR (Acc),CEU:MM,BBG00JG0FCT6
204,CEW,WisdomTree Emerging Currency Strategy Fund,CEW:MM,BBG000QTGFW1
205,CFR,Compagnie financiere Richemont SA,CFR:MM,BBG009NYJC85
206,CGGN,CGG,CGGN:MM,BBG00731LBZ2
207,CHDRAUI B,Grupo Comercial Chedraui S.A.B. C.V.,CHDRAUI B:MM,BBG000C8D7C5
208,CHK,Chesapeake Energy Corp.,CHK:MM,BBG000LVSGZ3
209,CHKP,Check Point Software Technolgies,CHKP:MM,BBG009NRQZL6
210,CHKP,Check Point Software Technolgies,CHKP:MM,BBG009NRQZL6
211,CHL,China Mobile Limited,CHL:MM,BBG000DQNH59
212,CHS,"Chico`s Fas, Inc.",CHS:MM,BBG0018K8VH9
213,CICSA B-1,Carso Infraestructura Y Cons,CICSA B-1:MM,BBG000C4J0Q8
214,CIDMEGA,Grupe S.A.,CIDMEGA:MM,BBG000C9DZH6
215,CIEAN,Cie Automotive,CIEAN:MM,BBG0077HDG27
216,CIE B,Corporacion Interamericana de Entretenimiento S.A.B. DE C.V.,CIE B:MM,BBG000G0Z752
217,CIG,Cia Energetica De Minas Gerais,CIG:MM,BBG000GFBZ53
218,CIU,BTC iShares Intermediate Credit Bond ETF,CIU:MM,BBG000W2R0V5
219,CL,Colgate-Palmolive Co.,CL:MM,BBG000L9NZ12
220,CL,Colgate-Palmolive Co.,CL:MM,BBG000L9NZ12
221,CLF,Cleveland-Cliffs Inc,CLF:MM,BBG001NMCSY1
222,CLY,BTC iShares 10+ Year Credit Bond ETF,CLY:MM,BBG0047C4609
223,CLY,BTC iShares 10+ Year Credit Bond ETF,CLY:MM,BBG0047C4609
224,CMCSA,Comcast Corp,CMCSA:MM,BBG000KVKRV2
225,CMG,Chipotle Mexican Grill,CMG:MM,BBG006WZVPL0
226,CMG,Chipotle Mexican Grill,CMG:MM,BBG006WZVPL0
227,CMOCTEZ,Corporacion Moctezuma S.A. DE C.V.,CMOCTEZ:MM,BBG000LXP3Z1
228,CMR B,"Cmr, S.A.B. DE C.V.",CMR B:MM,BBG000BPBDL7
229,CNCI B,Universidad Cnci S.A. DE C.V.,CNCI B:MM,BBG000C9CVJ4
230,CNEN,Canacol Energy Ltd,CNEN:MM,BBG009LGZFV5
231,CNXT,VanEck Vectors ChinaAMC SME-ChiNext ETF,CNXT:MM,BBG009BRT9C4
232,CNXT,VanEck Vectors ChinaAMC SME-ChiNext ETF,CNXT:MM,BBG009BRT9C4
233,CNYA,iShares MSCI China A UCITS ETF USD (Acc),CNYA:MM,BBG00JG0FDL2
234,COG,Cabot Oil & Gas Corp.,COG:MM,BBG004PYH3W9
235,COG,Cabot Oil & Gas Corp.,COG:MM,BBG004PYH3W9
236,COLLADO,Grupo Collado Sa De CV,COLLADO:MM,BBG000C9CTY2
237,COLN,Inmobiliaria Colonial S.A.,COLN:MM,BBG00BH6H825
238,COMERCI UB,Controladora Comercial Mexicana SA DE CV,COMERCI UB:MM,BBG000LXYMB5
239,COMERCI UBC,Controladora Comercial Mexicana SA DE CV,COMERCI UBC:MM,BBG000LX6ZG2
240,COMPART O,Banco Compartamos SA,COMPART O:MM,BBG000NDZ0Y9
241,CONTAL,Grupo Continental S.A.,CONTAL:MM,BBG000BQC4Q9
242,CONVER A,"Convertidora Industrial, S.A.B. DE C.V.",CONVER A:MM,BBG000JTYJ88
243,CONVER B,"Convertidora Industrial, S.A.B. DE C.V.",CONVER B:MM,BBG000GMGND1
244,COO,"Cooper Companies, Inc.",COO:MM,BBG006WZVNL5
245,COO,"Cooper Companies, Inc.",COO:MM,BBG006WZVNL5
246,COP,Conoco Phillips,COP:MM,BBG000HLB788
247,CORP,PIMCO Investment Grade Corporate Bond Index Exchange-Traded Fund,CORP:MM,BBG001WSLDV4
248,CORP,PIMCO Investment Grade Corporate Bond Index Exchange-Traded Fund,CORP:MM,BBG001WSLDV4
249,CORPTRC ISHRS,BGI ishares Mexico Corporate Bond TRAC,CORPTRC ISHRS:MM,BBG000LM1602
250,COST,Costco Wholesale Corp,COST:MM,BBG000KX77C8
251,CPA,Copa Holdings S.A.,CPA:MM,BBG000V1MYN8
252,CPI N,Capita Plc,CPI N:MM,BBG008G865S9
253,CPL,CPFL Energia S.A,CPL:MM,BBG000SZSJB7
254,CREAL,Credito Real Sab De Cv Sofom Enr,CREAL:MM,BBG003FDBKH3
255,CRED,BTC iShares U.S. Credit Bond ETF,CRED:MM,BBG000W2GX09
256,CRPS,BlackRock iShares Global Corp Bond UCITS ETF USD (Dist),CRPS:MM,BBG008KFJM89
257,CRPS,BlackRock iShares Global Corp Bond UCITS ETF USD (Dist),CRPS:MM,BBG008KFJM89
258,CS,Credit Suisse Group,CS:MM,BBG000BQRDC8
259,CSCO,"Cisco Systems, Inc.",CSCO:MM,BBG000KVKQ62
260,CSJ,BTC iShares 1-3 Year Credit Bond ETF,CSJ:MM,BBG000W2R1C4
261,CST,CST Brands Inc,CST:MM,BBG004JF4MS4
262,CST,CST Brands Inc,CST:MM,BBG004JF4MS4
263,CTRPN,Ctrip.com International,CTRPN:MM,BBG001R5LJH3
264,CTSH,Cognizant Technology Solutions Corp.,CTSH:MM,BBG009NWW0H0
265,CTSH,Cognizant Technology Solutions Corp.,CTSH:MM,BBG009NWW0H0
266,CTXS,"Citrix Systems, Inc.",CTXS:MM,BBG004PYFWT1
267,CTXS,"Citrix Systems, Inc.",CTXS:MM,BBG004PYFWT1
268,CUERVO,Becle Sab De Cv,CUERVO:MM,BBG00FY3DTR5
269,CULTIBA B,Organizacion Cultiba Sab De CV,CULTIBA B:MM,BBG000LXPK10
270,CVS,CVS Health Corp,CVS:MM,BBG000P92ZP5
271,CVX,Chevron Corp.,CVX:MM,BBG000L47M38
272,CVX,Chevron Corp.,CVX:MM,BBG000L47M38
273,CYB,WisdomTree Chinese Yuan Strategy Fund,CYB:MM,BBG000QTGGN9
274,CYDSASA A,Cydsa S.A.B. De C.V.,CYDSASA A:MM,BBG000BQC452
275,D5BL,Xtrackers MSCI Europe Value UCITS ETF 1C,D5BL:MM,BBG00JRLJZ68
276,DA,Danone,DA:MM,BBG000C3WGS8
277,DAI,Daimler AG,DAI:MM,BBG000DRX589
278,DAL,"Delta Air Lines, Inc.",DAL:MM,BBG000RJ2ZN3
279,DANHOS13,Administradora Fibra Danhos S.A. de C.V,DANHOS13:MM,BBG004WQQKN0
280,DATA,Tableau Software Inc,DATA:MM,BBG006G4H4Q5
281,DATA,Tableau Software Inc,DATA:MM,BBG006G4H4Q5
282,DBA,PowerShares DB Agriculture Fund,DBA:MM,BBG000V988H1
283,DBAW,Xtrackers MSCI All World ex US Hedged Equity ETF,DBAW:MM,BBG009LH5MC2
284,DBAW,Xtrackers MSCI All World ex US Hedged Equity ETF,DBAW:MM,BBG009LH5MC2
285,DBB,PowerShares DB Base Metals Fund,DBB:MM,BBG000V98989
286,DBC,PowerShares DB Commodity Index Tracking Fund,DBC:MM,BBG000PMGM16
287,DBE,PowerShares DB Energy Fund,DBE:MM,BBG000VB00B7
288,DBEF,Xtrackers MSCI EAFE Hedged Equity ETF,DBEF:MM,BBG005ZPLR47
289,DBEF,Xtrackers MSCI EAFE Hedged Equity ETF,DBEF:MM,BBG005ZPLR47
290,DBEM,Xtrackers MSCI Emerging Markets Hedged Equity ETF,DBEM:MM,BBG0080GG623
291,DBEM,Xtrackers MSCI Emerging Markets Hedged Equity ETF,DBEM:MM,BBG0080GG623
292,DBEU,Xtrackers MSCI Europe Hedged Equity ETF,DBEU:MM,BBG007N2DTN1
293,DBEU,Xtrackers MSCI Europe Hedged Equity ETF,DBEU:MM,BBG007N2DTN1
294,DBEZ,Xtrackers MSCI Eurozone Hedged Equity ETF,DBEZ:MM,BBG00BLVXMS8
295,DBGR,Xtrackers MSCI Germany Hedged Equity ETF,DBGR:MM,BBG00846ZLL6
296,DBGR,Xtrackers MSCI Germany Hedged Equity ETF,DBGR:MM,BBG00846ZLL6
297,DBJP,Xtrackers MSCI Japan Hedged Equity ETF,DBJP:MM,BBG005ZPLQP6
298,DBJP,Xtrackers MSCI Japan Hedged Equity ETF,DBJP:MM,BBG005ZPLQP6
299,DBK,Deutsche Bank AG,DBK:MM,BBG000BQRBY8
300,DBO,PowerShares DB Oil Fund,DBO:MM,BBG000VBK800
301,DBP,PowerShares DB Precious Metals Fund,DBP:MM,BBG000VC0962
302,DBV,PowerShares DB G10 Currency Harvest Fund,DBV:MM,BBG000VC4V78
303,DD,E.I. Du Pont De Nemours and Co,DD:MM,BBG000HSSPJ3
304,DDD,3D Systems Corp.,DDD:MM,BBG004MP84X8
305,DDD,3D Systems Corp.,DDD:MM,BBG004MP84X8
306,DDM,ProShares Ultra Dow30,DDM:MM,BBG000WC6DC9
307,DEC,JCDecaux SA,DEC:MM,BBG00B6G7VX1
308,DEC,JCDecaux SA,DEC:MM,BBG00B6G7VX1
309,DEM,WisdomTree Emerging Markets High Dividend Fund,DEM:MM,BBG000WCF705
310,DEO,Diageo plc,DEO:MM,BBG000C47WY2
311,DES,WisdomTree U.S. SmallCap Dividend Fund,DES:MM,BBG004PBZ563
312,DES,WisdomTree U.S. SmallCap Dividend Fund,DES:MM,BBG004PBZ563
313,DFE,WisdomTree Europe SmallCap Dividend Fund,DFE:MM,BBG004PBZ625
314,DFE,WisdomTree Europe SmallCap Dividend Fund,DFE:MM,BBG004PBZ625
315,DFJ,WisdomTree Japan SmallCap Dividend Fund,DFJ:MM,BBG000WCF7H7
316,DFS,Discover Financial Services,DFS:MM,BBG00K4XX5Y3
317,DGRO,BTC iShares Core Dividend Growth ETF,DGRO:MM,BBG008DTW1Q8
318,DGRO,BTC iShares Core Dividend Growth ETF,DGRO:MM,BBG008DTW1Q8
319,DGRW,WisdomTree U.S. Quality Dividend Growth Fund,DGRW:MM,BBG0088D52V1
320,DGRW,WisdomTree U.S. Quality Dividend Growth Fund,DGRW:MM,BBG0088D52V1
321,DGS,WisdomTree Emerging Markets SmallCap Dividend Fund,DGS:MM,BBG000WCF7W0
322,DGT,SSgA SPDR Global Dow ETF,DGT:MM,BBG000LWZWL3
323,DHS,WisdomTree High Dividend Fund,DHS:MM,BBG004PBZ732
324,DHS,WisdomTree U.S. High Dividend Fund,DHS:MM,BBG004PBZ732
325,DIA,SPDR Dow Jones Industrial Average ETF,DIA:MM,BBG000JVZVR4
326,DIDAN,Distribuidora Internacional De Alimentacion S.A.,DIDAN:MM,BBG007JN7ML4
327,DIG,ProShares Ultra Oil & Gas,DIG:MM,BBG000VR50C6
328,DINE A,Dine Sab De Cv,DINE A:MM,BBG000DGSNM4
329,DINE B,Dine Sab De Cv,DINE B:MM,BBG000C19GT7
330,DIS,Walt Disney Co,DIS:MM,BBG000HSSR45
331,DISH,Dish Network Corp,DISH:MM,BBG001V77W45
332,DLN,WisdomTree U.S. LargeCap Dividend Fund,DLN:MM,BBG000WCF6C4
333,DLS,WisdomTree International SmallCap Dividend Fund,DLS:MM,BBG004MYL7S3
334,DLS,WisdomTree International SmallCap Dividend Fund,DLS:MM,BBG004MYL7S3
335,DLTR,Dollar Tree Inc,DLTR:MM,BBG006BB8KR7
336,DLTR,Dollar Tree Inc,DLTR:MM,BBG006BB8KR7
337,DMRI,DeltaShares S&P International Managed Risk ETF,DMRI:MM,BBG00JWTZNF4
338,DMRL,DeltaShares S&P 500 Managed Risk ETF,DMRL:MM,BBG00JWV0KJ9
339,DMRM,DeltaShares S&P 400 Managed Risk ETF,DMRM:MM,BBG00JWV0WZ5
340,DMRS,DeltaShares S&P 600 Managed Risk ETF,DMRS:MM,BBG00JWTZYM2
341,DNOW,NOW Inc,DNOW:MM,BBG006L2V762
342,DNOW,NOW Inc,DNOW:MM,BBG006L2V762
343,DOG,ProShares Short Dow30,DOG:MM,BBG000VR4ZX7
344,DOL,WisdomTree International LargeCap Dividend Index,DOL:MM,BBG004MYL856
345,DOL,WisdomTree International LargeCap Dividend Index,DOL:MM,BBG004MYL856
346,DON,WisdomTree U.S. MidCap Dividend Fund,DON:MM,BBG004PBZ7R6
347,DON,WisdomTree U.S. MidCap Dividend Fund,DON:MM,BBG004PBZ7R6
348,DOO,WisdomTree International Dividend Ex-Financials Fund,DOO:MM,BBG004MYL8C8
349,DOO,WisdomTree International Dividend Ex-Financials Fund,DOO:MM,BBG004MYL8C8
350,DOW,Dow Chemical Co.,DOW:MM,BBG000L47NT8
351,DOW,Dow Chemical Co.,DOW:MM,BBG000L47NT8
352,DROOY,DRDGold Ltd.,DROOY:MM,BBG000GPGWH0
353,DSY,Dassault Systemes SA,DSY:MM,BBG008G86894
354,DSY,Dassault Systemes SA,DSY:MM,BBG008G86894
355,DT,Deutsche Telekom AG,DT:MM,BBG000LTC883
356,DTD,WisdomTree U.S. Total Dividend Fund,DTD:MM,BBG004PBZ9R2
357,DTD,WisdomTree U.S. Total Dividend Fund,DTD:MM,BBG004PBZ9R2
358,DTEN,Deutsche Telekom AG,DTEN:MM,BBG005NRH7R0
359,DTN,WisdomTree U.S. Dividend Ex-Financials Fund,DTN:MM,BBG004PBZBS6
360,DTN,WisdomTree U.S. Dividend Ex-Financials Fund,DTN:MM,BBG004PBZBS6
361,DUG,ProShares UltraShort Oil & Gas,DUG:MM,BBG000VR4ZK1
362,DVN,Devon Energy Corp.,DVN:MM,BBG007N2DT33
363,DVN,Devon Energy Corp.,DVN:MM,BBG007N2DT33
364,DVY,BTC iShares Select Dividend ETF,DVY:MM,BBG000TV5Z06
365,DVYE,BTC iShares Emerging Markets Dividend ETF,DVYE:MM,BBG006DB3KQ1
366,DVYE,BTC iShares Emerging Markets Dividend ETF,DVYE:MM,BBG006DB3KQ1
367,DWA,Dreamworks Animation SKG Inc,DWA:MM,BBG0077HC1Q5
368,DWA,Dreamworks Animation SKG Inc,DWA:MM,BBG0077HC1Q5
369,DWM,WisdomTree International Equity Fund,DWM:MM,BBG004MYL9J9
370,DWM,WisdomTree International Equity Fund,DWM:MM,BBG004MYL9J9
371,DXC,DXC Technology Co,DXC:MM,BBG00HG9CDQ5
372,DXD,ProShares UltraShort Dow30,DXD:MM,BBG000WC6CW9
373,DXGE,WisdomTree Germany Hedged Equity Fund,DXGE:MM,BBG008G86BF0
374,DXGE,WisdomTree Germany Hedged Equity Fund,DXGE:MM,BBG008G86BF0
375,DXJ,WisdomTree Japan Hedged Equity Fund,DXJ:MM,BBG007PPSCQ6
376,DXJ,WisdomTree Japan Hedged Equity Fund,DXJ:MM,BBG007PPSCQ6
377,DXJS,WisdomTree Japan Hedged SmallCap Equity Fund,DXJS:MM,BBG00B9JQ2S1
378,DXJS,WisdomTree Japan Hedged SmallCap Equity Fund,DXJS:MM,BBG00B9JQ2S1
379,E,Eni Spa,E:MM,BBG000LTDNK5
380,E,Eni Spa,E:MM,BBG000LTDNK5
381,E40,BNP Paribas Easy CAC 40 UCITS ETF,E40:MM,BBG000WDBS47
382,EBAY,EBay Inc.,EBAY:MM,BBG000GYSC28
383,EBO,Erste Group Bank AG,EBO:MM,BBG0070J0RB0
384,EBO,Erste Group Bank AG,EBO:MM,BBG0070J0RB0
385,EBRI,BNP Paribas DJ BRIC 50 THEAM Easy UCITS ETF EUR,EBRI:MM,BBG000QYGKF8
386,ECH,iShares MSCI Chile ETF,ECH:MM,BBG000VGLSC1
387,ECL,"Ecolab, Inc.",ECL:MM,BBG006BB8K33
388,ECL,"Ecolab, Inc.",ECL:MM,BBG006BB8K33
389,ECNS,BTC iShares MSCI China Small-Cap ETF,ECNS:MM,BBG001CGQZF6
390,ECNS,BTC iShares MSCI China Small-Cap ETF,ECNS:MM,BBG001CGQZF6
391,EDC,Direxion Daily Emerging Markets Bull 3X Shares,EDC:MM,BBG000QKDGX0
392,EDEN,iShares MSCI Denmark ETF,EDEN:MM,BBG0047C46D5
393,EDEN,iShares MSCI Denmark ETF,EDEN:MM,BBG0047C46D5
394,EDOARDO B,Edoardos Martin S.A.B. De C.V.,EDOARDO B:MM,BBG000LXSJ74
395,EDU,New Oriental Education & Technology,EDU:MM,BBG001R5LJN6
396,EDV,Vanguard Extended Duration Treasury ETF,EDV:MM,BBG000WC6DT1
397,EDZ,Direxion Daily MSCI Emerging Markets Bear 3X Shares,EDZ:MM,BBG000BD2FL9
398,EEB,BNP Paribas DJ Brazil 15 THEAM Easy UCITS ETF EUR,EEB:MM,BBG000QYG3V8
399,EEM,BTC iShares MSCI Emerging Markets ETF,EEM:MM,BBG000QWP271
400,EEMV,BTC iShares Edge MSCI Min Vol Emerging Markets ETF,EEMV:MM,BBG0035LWSQ6
401,EEMV,BTC iShares Edge MSCI Min Vol Emerging Markets ETF,EEMV:MM,BBG0035LWSQ6
402,EES,WisdomTree U.S. SmallCap Earnings Fund,EES:MM,BBG000WCF5T8
403,EFA,BTC iShares MSCI EAFE ETF,EFA:MM,BBG000QNY8J5
404,EFAV,BTC iShares Edge MSCI Min Vol EAFE ETF,EFAV:MM,BBG006DB3L16
405,EFAV,BTC iShares Edge MSCI Min Vol EAFE ETF,EFAV:MM,BBG006DB3L16
406,EFG,BTC iShares MSCI EAFE Growth ETF,EFG:MM,BBG000W0TCF9
407,EFNL,BTC iShares MSCI Finland Capped ETF,EFNL:MM,BBG0047C46P2
408,EFNL,iShares MSCI Finland ETF,EFNL:MM,BBG0047C46P2
409,EFV,BTC iShares MSCI EAFE Value ETF,EFV:MM,BBG000W0TD85
410,EGPT,VanEck Vectors Egypt Index ETF,EGPT:MM,BBG001XSCK47
411,EGPT,VanEck Vectors Egypt Index ETF,EGPT:MM,BBG001XSCK47
412,EI,Essilor International,EI:MM,BBG008G868D9
413,EI,Essilor International,EI:MM,BBG008G868D9
414,EIA,BNP Paribas DJ India 15 THEAM Easy UCITS ETF EUR,EIA:MM,BBG000QYGLF6
415,EIDO,BTC iShares MSCI Indonesia ETF,EIDO:MM,BBG001CGQZM8
416,EIDO,BTC iShares MSCI Indonesia ETF,EIDO:MM,BBG001CGQZM8
417,EIRL,iShares MSCI Ireland ETF,EIRL:MM,BBG006DB3KX3
418,EIRL,iShares MSCI Ireland ETF,EIRL:MM,BBG006DB3KX3
419,EIS,iShares MSCI Israel ETF,EIS:MM,BBG000V35CF0
420,EK,Eastman Kodak Co.,EK:MM,BBG000HT54T2
421,ELD,WisdomTree Emerging Market Local Debt Fund,ELD:MM,BBG001PJ8R73
422,ELD,WisdomTree Emerging Market Local Debt Fund,ELD:MM,BBG001PJ8R73
423,ELEKTRA,Grupo Elektra S.A.,ELEKTRA:MM,BBG000M3PHB1
424,ELEMENT,Elementia SA,ELEMENT:MM,BBG007680FG9
425,EMB,BTC iShares J.P. Morgan USD Emerging Markets Bond ETF,EMB:MM,BBG000THY2N3
426,EMC,EMC Corp.,EMC:MM,BBG000L47Q02
427,EMHY,BTC iShares Emerging Markets High Yield Bond ETF,EMHY:MM,BBG0047C46V5
428,EMHY,BTC iShares Emerging Markets High Yield Bond ETF,EMHY:MM,BBG0047C46V5
429,EMIF,BTC iShares Emerging Markets Infrastructure ETF,EMIF:MM,BBG0014PD3R7
430,EMLC,VanEck Vectors J.P. Morgan EM Local Currency Bond ETF,EMLC:MM,BBG0018NSNQ9
431,EMLC,VanEck Vectors J.P. Morgan EM Local Currency Bond ETF,EMLC:MM,BBG0018NSNQ9
432,ENOR,iShares MSCI Norway ETF,ENOR:MM,BBG0047C4725
433,ENOR,iShares MSCI Norway ETF,ENOR:MM,BBG0047C4725
434,ENZL,iShares MSCI New Zealand ETF,ENZL:MM,BBG001CGQZK0
435,ENZL,iShares MSCI New Zealand ETF,ENZL:MM,BBG001CGQZK0
436,EOANN,E. On SE,EOANN:MM,BBG005PTWGT5
437,EON,E. On SE,EON:MM,BBG000BQRW54
438,EPHE,BTC iShares MSCI Philippines ETF,EPHE:MM,BBG002PY9Z88
439,EPHE,BTC iShares MSCI Philippines ETF,EPHE:MM,BBG002PY9Z88
440,EPI,WisdomTree India Earnings Fund,EPI:MM,BBG000WCF4X6
441,EPOL,iShares MSCI Poland ETF,EPOL:MM,BBG001CGQZH4
442,EPOL,iShares MSCI Poland ETF,EPOL:MM,BBG001CGQZH4
443,EPP,BTC iShares MSCI Pacific ex Japan ETF,EPP:MM,BBG000QWP1H2
444,EPS,WisdomTree U.S. Earnings 500 Fund,EPS:MM,BBG007KJPQN0
445,EPU,iShares MSCI Peru ETF,EPU:MM,BBG000NXD1P7
446,EREEUR,BNP Paribas Russell 1000 Theam Easy UCITS - EUR,EREEUR:MM,BBG000QTGQ11
447,ERICY,Ericsson,ERICY:MM,BBG000C3WPH0
448,ERR,BNP Paribas DJ Russia GDR Easy UCITS ETF,ERR:MM,BBG000QYG614
449,ERUS,iShares MSCI Russia ETF,ERUS:MM,BBG001J8VHV3
450,ERUS,iShares MSCI Russia ETF,ERUS:MM,BBG001J8VHV3
451,ESEEUR,BNP Paribas Easy ETF S&P 500 - EUR,ESEEUR:MM,BBG000QTGRW5
452,ESNTN,Essentra Plc,ESNTN:MM,BBG008G86769
453,ESR,BTC iShares MSCI Emerging Markets Eastern Europe ETF,ESR:MM,BBG000BBNMW3
454,ESRX,Express Scripts Holding Co,ESRX:MM,BBG006M13CJ9
455,ESRX,Express Scripts Holding Co,ESRX:MM,BBG006M13CJ9
456,ETL,Eutelsat Communications,ETL:MM,BBG00B6G7WF9
457,ETL,Eutelsat Communications,ETL:MM,BBG00B6G7WF9
458,ETN,BNP Paribas EasyETF EURO STOXX 50 Europe (A),ETN:MM,BBG000V0ZJK2
459,ETX,BNP Paribas Easy DJ Euro STOXX Theam UCITS,ETX:MM,BBG000WD0R50
460,EUE,BlackRock iShares EURO STOXX 50 UCITS ETF EUR (Dist),EUE:MM,BBG000KJDJJ9
461,EUFN,BTC iShares MSCI Europe Financials ETF,EUFN:MM,BBG008DTWH92
462,EUFN,BTC iShares MSCI Europe Financials ETF,EUFN:MM,BBG008DTWH92
463,EUSA,BTC iShares MSCI USA Equal Weighted ETF,EUSA:MM,BBG0047C47B5
464,EUSA,BTC iShares MSCI USA Equal Weighted ETF,EUSA:MM,BBG0047C47B5
465,EUSC,WisdomTree Europe Hedged SmallCap Equity Fund,EUSC:MM,BBG00B9JQDM3
466,EUSC,WisdomTree Europe Hedged SmallCap Equity Fund,EUSC:MM,BBG00B9JQDM3
467,EVR,Evercore Inc,EVR:MM,BBG002K67WC8
468,EW,Edwards Lifesciences Corp,EW:MM,BBG00HZQRZH1
469,EWA,BTC iShares MSCI Australia ETF,EWA:MM,BBG000QZYFC9
470,EWC,BTC iShares MSCI Canada ETF,EWC:MM,BBG000BKX149
471,EWD,iShares MSCI Sweden ETF,EWD:MM,BBG000QZXBB0
472,EWG,BTC iShares MSCI Germany ETF,EWG:MM,BBG000QZYM52
473,EWH,BTC iShares MSCI Hong Kong ETF,EWH:MM,BBG000QZ19N7
474,EWI,iShares MSCI Italy ETF,EWI:MM,BBG000QZV1D2
475,EWJ,BTC iShares MSCI Japan ETF,EWJ:MM,BBG000QWP0C9
476,EWK,iShares MSCI Belgium ETF,EWK:MM,BBG000BGYJX6
477,EWL,iShares MSCI Switzerland ETF,EWL:MM,BBG000SX8025
478,EWM,BTC iShares MSCI Malaysia ETF,EWM:MM,BBG000QBH2K1
479,EWN,BTC iShares MSCI Netherlands ETF,EWN:MM,BBG000QZW6T3
480,EWO,iShares MSCI Austria ETF,EWO:MM,BBG000QZXC00
481,EWP,iShares MSCI Spain ETF,EWP:MM,BBG000QZX319
482,EWQ,BTC iShares MSCI France ETF,EWQ:MM,BBG000QZSVM0
483,EWS,iShares MSCI Singapore ETF,EWS:MM,BBG000RQYJ67
484,EWT,iShares MSCI Taiwan ETF,EWT:MM,BBG000QBGL57
485,EWU,BTC iShares MSCI United Kingdom ETF,EWU:MM,BBG000QZ18H6
486,EWY,iShares MSCI South Korea ETF,EWY:MM,BBG000PQY881
487,EWZ,iShares MSCI Brazil ETF,EWZ:MM,BBG000DWG2Q4
488,EWZS,BTC iShares MSCI Brazil Small-Cap ETF,EWZS:MM,BBG001CGQZP5
489,EWZS,BTC iShares MSCI Brazil Small-Cap ETF,EWZS:MM,BBG001CGQZP5
490,EXC,Exelon Corp.,EXC:MM,BBG002JRVP78
491,EXHA,BlackRock iShares eb.rexx Government Germany (DE),EXHA:MM,BBG000SX80T6
492,EXHB,BlackRock iShares eb.rexx Government Germany 1.5-2.5 (DE),EXHB:MM,BBG000SX81F9
493,EXHC,BlackRock iShares eb.rexx Government Germany 2.5-5.5 (DE),EXHC:MM,BBG000SX81Z7
494,EXI,BTC iShares Global Industrials ETF,EXI:MM,BBG0014PD9N8
495,EXI,BTC iShares Global Industrials ETF,EXI:MM,BBG0014PD9N8
496,EXS1,BlackRock iShares Core DAX UCITS ETF (DE),EXS1:MM,BBG000SX82W8
497,EXSA,BlackRock iShares DJ STOXX 600 (DE),EXSA:MM,BBG000SX8365
498,EXT,WisdomTree U.S. Total Earnings Fund,EXT:MM,BBG007KJPR76
499,EXX1,BlackRock iShares DJ EURO STOXX Banks 30-15 UCITS ETF (DE),EXX1:MM,BBG000BGYLY0
500,EXX2,BlackRock iShares DJ EURO STOXX Telecommunications 30-15 UCITS ETF (DE,EXX2:MM,BBG000BGYHR7
501,EXX3,BlackRock iShares DJ EURO STOXX Technology (DE),EXX3:MM,BBG000BGYNR4
502,EXXY,BlackRock iShares Diversified Commodity Swap UCITS ETF (DE),EXXY:MM,BBG0047C53N0
503,EXXY,BlackRock iShares Diversified Commodity Swap UCITS ETF (DE),EXXY:MM,BBG0047C53N0
504,EZA,BTC iShares MSCI South Africa ETF,EZA:MM,BBG000RQYKF4
505,EZE,Grupo Ezentis S.A,EZE:MM,BBG00FZR9ZJ1
506,EZM,WisdomTree MidCap Earnings Fund,EZM:MM,BBG004PBZ992
507,EZM,WisdomTree U.S. MidCap Earnings Fund,EZM:MM,BBG004PBZ992
508,EZU,BTC iShares MSCI EMU ETF,EZU:MM,BBG000QCRJR4
509,F,Ford Motor Co.,F:MM,BBG000L49YW8
510,FAB,First Trust Multi Cap Value AlphaDEX Fund,FAB:MM,BBG002XSCZ42
511,FAB,First Trust Multi Cap Value AlphaDEX Fund,FAB:MM,BBG002XSCZ42
512,FAEN,Faes Farma S.A.,FAEN:MM,BBG00B40N2X4
513,FAS,Direxion Daily Financial Bull 3x Shares,FAS:MM,BBG000QG2F27
514,FAZ,Direxion Daily Financial Bear 3x Shares,FAZ:MM,BBG000QG2FP2
515,FB,Facebook Inc,FB:MM,BBG003G0Q4Q0
516,FB,Facebook Inc,FB:MM,BBG003G0Q4Q0
517,FBR,Fibria Celulose S.A.,FBR:MM,BBG000R1GQB0
518,FBT,First Trust NYSE Arca Biotechnology Index Fund,FBT:MM,BBG0021R8R33
519,FBT,First Trust NYSE Arca Biotechnology Index Fund,FBT:MM,BBG0021R8R33
520,FCAN,First Trust Canada AlphaDEX Fund,FCAN:MM,BBG006FWZP50
521,FCAN,First Trust Canada AlphaDEX Fund,FCAN:MM,BBG006FWZP50
522,FCFS,FirstCash Inc,FCFS:MM,BBG000P5Q3T4
523,FCG,First Trust Natural Gas ETF,FCG:MM,BBG0021R70K4
524,FCG,First Trust Natural Gas ETF,FCG:MM,BBG0021R70K4
525,FCX,Freeport-McMoRan Inc,FCX:MM,BBG000M4W7N0
526,FCX,Freeport-McMoRan Inc,FCX:MM,BBG000M4W7N0
527,FDD,First Trust STOXX European Select Dividend Income Fund,FDD:MM,BBG006FWZPK3
528,FDD,First Trust STOXX European Select Dividend Income Fund,FDD:MM,BBG006FWZPK3
529,FDL,First Trust Morningstar Dividend Leaders Index Fund,FDL:MM,BBG0021R8RJ6
530,FDL,First Trust Morningstar Dividend Leaders Index Fund,FDL:MM,BBG0021R8RJ6
531,FDM,First Trust Dow Jones Select Microcap Index Fund,FDM:MM,BBG0021R8PX4
532,FDM,First Trust Dow Jones Select Microcap Index Fund,FDM:MM,BBG0021R8PX4
533,FDN,First Trust Dow Jones Internet Index Fund,FDN:MM,BBG0021R8SD0
534,FDN,First Trust Dow Jones Internet Index Fund,FDN:MM,BBG0021R8SD0
535,FDT,First Trust Developed Markets ex-US AlphaDEX Fund,FDT:MM,BBG002XSCZ97
536,FDT,First Trust Developed Markets ex-US AlphaDEX Fund,FDT:MM,BBG002XSCZ97
537,FDX,Fedex Corp,FDX:MM,BBG000L48VF4
538,FEM,First Trust Emerging Markets AlphaDEX Fund,FEM:MM,BBG002XSCZ15
539,FEM,First Trust Emerging Markets AlphaDEX Fund,FEM:MM,BBG002XSCZ15
540,FEMS,First Trust Emerging Markets Small Cap AlphaDEX Fund,FEMS:MM,BBG006FWZPB3
541,FEMS,First Trust Emerging Markets Small Cap AlphaDEX Fund,FEMS:MM,BBG006FWZPB3
542,FEMSA B,Fomento Economico Mexicano S.A.B. de C.V.,FEMSA B:MM,BBG000LSWWP1
543,FEMSA D,Fomento Economico Mexicano S.A.B. de C.V.,FEMSA D:MM,BBG000LSWXX0
544,FEMSA UB,Fomento Economico Mexicano S.A.B. de C.V.,FEMSA UB:MM,BBG000LXW203
545,FEMSA UBD,Fomento Economico Mexicano S.A.B. de C.V.,FEMSA UBD:MM,BBG000LXW365
546,FEP,First Trust Europe AlphaDEX Fund,FEP:MM,BBG006FWZNW5
547,FEP,First Trust Europe AlphaDEX Fund,FEP:MM,BBG006FWZNW5
548,FERN,Ferrovial S.A.,FERN:MM,BBG001CVYK94
549,FEU,SSgA Stoxx Europe 50 ETF,FEU:MM,BBG000SW3TS1
550,FEX,First Trust Large Cap Core AlphaDEX Fund,FEX:MM,BBG0021R8X49
551,FEX,First Trust Large Cap Core AlphaDEX Fund,FEX:MM,BBG0021R8X49
552,FEZ,SPDR EURO Stoxx 50 ETF,FEZ:MM,BBG000SW3SS3
553,FFIV,"F5 Networks, Inc.",FFIV:MM,BBG009NWW2S4
554,FFIV,"F5 Networks, Inc.",FFIV:MM,BBG009NWW2S4
555,FFR,First Trust FTSE EPRA/NAREIT Developed Markets Real Estate Index Fund,FFR:MM,BBG006FWZPW0
556,FFR,First Trust FTSE EPRA/NAREIT Developed Markets Real Estate Index Fund,FFR:MM,BBG006FWZPW0
557,FGD,First Trust Dow Jones Global Select Dividend Index Fund,FGD:MM,BBG002XSCZL3
558,FGD,First Trust Dow Jones Global Select Dividend Index Fund,FGD:MM,BBG002XSCZL3
559,FGEN,FibroGen Inc,FGEN:MM,BBG008NZ99V6
560,FGEN,FibroGen Inc,FGEN:MM,BBG008NZ99V6
561,FGM,First Trust Germany AlphaDEX Fund,FGM:MM,BBG006FWZPG8
562,FGM,First Trust Germany AlphaDEX Fund,FGM:MM,BBG006FWZPG8
563,FIBRAHD15,Banco Actinver S.A.,FIBRAHD15:MM,BBG008HNTQ77
564,FIBRAMQ,"Deutsche Bank, S.A., Institucion De Banca Multiple",FIBRAMQ:MM,BBG003M3TCB2
565,FIBRAPL 14,FIBRA Prologis REIT CTFS,FIBRAPL 14:MM,BBG005GL0GG1
566,FINAMEX O,Casa De Bolsa Finamex Sab De Cv,FINAMEX O:MM,BBG000BJCZ22
567,FINDEP,"Financiera Independencia, S.A.B. de C.V., SOFOM, E.N.R.",FINDEP:MM,BBG000NSCPP6
568,FINN,"Deutsche Bank Mexico S.A. Institucion De Banca Multiple, Div Fid",FINN:MM,BBG003LFVNX5
569,FISV,"Fiserv, Inc.",FISV:MM,BBG009NWW5H9
570,FISV,"Fiserv, Inc.",FISV:MM,BBG009NWW5H9
571,FJP,First Trust Japan AlphaDEX Fund,FJP:MM,BBG009T2XMN4
572,FJP,First Trust Japan AlphaDEX Fund,FJP:MM,BBG009T2XMN4
573,FKU,First Trust United Kingdom AlphaDEX Fund,FKU:MM,BBG009T2XMS9
574,FKU,First Trust United Kingdom AlphaDEX Fund,FKU:MM,BBG009T2XMS9
575,FLOT,BTC iShares Floating Rate Bond ETF,FLOT:MM,BBG002PYB055
576,FLOT,BTC iShares Floating Rate Bond ETF,FLOT:MM,BBG002PYB055
577,FLR,Fluor Corporation,FLR:MM,BBG0060GVHL5
578,FLR,Fluor Corporation,FLR:MM,BBG0060GVHL5
579,FLTR,VanEck Vectors Investment Grade Floating Rate ETF,FLTR:MM,BBG005XWZ342
580,FLTR,VanEck Vectors Investment Grade Floating Rate ETF,FLTR:MM,BBG005XWZ342
581,FLY,Fonciere Lyonnaise,FLY:MM,BBG00FJR2YS9
582,FM,BTC iShares MSCI Frontier 100 Fund,FM:MM,BBG004D36QR7
583,FM,BTC iShares MSCI Frontier 100 Fund,FM:MM,BBG004D36QR7
584,FMCC,Federal Home Loan Mortgage Corp,FMCC:MM,BBG000L6Z2V5
585,FNI,First Trust Chindia ETF,FNI:MM,BBG0021R8NG8
586,FNI,First Trust Chindia ETF,FNI:MM,BBG0021R8NG8
587,FNV,Franco-Nevada Corporation,FNV:MM,BBG00JKZ9DG3
588,FNX,First Trust Mid Cap Core AlphaDEX Fund,FNX:MM,BBG0021R90S4
589,FNX,First Trust Mid Cap Core AlphaDEX Fund,FNX:MM,BBG0021R90S4
590,FORSY,Ageas SA/NV,FORSY:MM,BBG000BQ7N38
591,FOTOLUZ A1,Fotoluz Corporacion S.A.,FOTOLUZ A1:MM,BBG000LXW6K2
592,FPA,First Trust Asia Pacific ex-Japan AlphaDEX Fund,FPA:MM,BBG009T2XMY2
593,FPA,First Trust Asia Pacific ex-Japan AlphaDEX Fund,FPA:MM,BBG009T2XMY2
594,FPX,First Trust US Equity Opportunities ETF,FPX:MM,BBG007NHC3W6
595,FPX,First Trust US Equity Opportunities ETF,FPX:MM,BBG007NHC3W6
596,FR,Valeo S.A.,FR:MM,BBG008N31F05
597,FR,First Majestic Silver Corporation,FR:MM,BBG0071CSQ35
598,FRAGUA B,Corporativo Fragua S.A.B. DE C.V.,FRAGUA B:MM,BBG000BZQ4J2
599,FRC,First Republic Bank,FRC:MM,BBG001V77X07
600,FRES,Fresnillo Plc,FRES:MM,BBG000VJ1XL6
601,FSLR,First Solar Inc,FSLR:MM,BBG000SQ6SM9
602,FTA,First Trust Large Capital Value AlphaDEX Fund,FTA:MM,BBG0021R8XT2
603,FTA,First Trust Large Capital Value AlphaDEX Fund,FTA:MM,BBG0021R8XT2
604,FTC,First Trust Large Capital Growth AlphaDEX Fund,FTC:MM,BBG0021R8YH3
605,FTC,First Trust Large Capital Growth AlphaDEX Fund,FTC:MM,BBG0021R8YH3
606,FTE,Orange.,FTE:MM,BBG000PWFHF1
607,FUNO11,Fibra Uno Administracion S.A. De C.V.,FUNO11:MM,BBG001F4V2C0
608,FV,First Trust Dorsey Wright Focus 5 ETF,FV:MM,BBG00840W332
609,FV,First Trust Dorsey Wright Focus 5 ETF,FV:MM,BBG00840W332
610,FVD,First Trust Value Line Dividend Index Fund,FVD:MM,BBG007NH1WD5
611,FVD,First Trust Value Line Dividend Index Fund,FVD:MM,BBG007NH1WD5
612,FXA,Rydex CurrencyShares Australian Dollar Trust,FXA:MM,BBG000W5C348
613,FXB,Rydex CurrencyShares British Pound Sterling Trust,FXB:MM,BBG000W5C2M0
614,FXC,Rydex CurrencyShares Canadian Dollar Trust,FXC:MM,BBG000W5C1Z8
615,FXD,First Trust Consumer Discretionary AlphaDEX Fund,FXD:MM,BBG0021R9335
616,FXD,First Trust Consumer Discretionary AlphaDEX Fund,FXD:MM,BBG0021R9335
617,FXE,Rydex CurrencyShares Euro Trust,FXE:MM,BBG000W9X9H0
618,FXE,Rydex CurrencyShares Euro Trust,FXE:MM,BBG000W9X9H0
619,FXF,Rydex CurrencyShares Swiss Franc Trust,FXF:MM,BBG000W5C1K4
620,FXG,First Trust Consumer Staples AlphaDEX Fund,FXG:MM,BBG0024005T7
621,FXG,First Trust Consumer Staples AlphaDEX Fund,FXG:MM,BBG0024005T7
622,FXH,First Trust Health Care AlphaDEX Fund,FXH:MM,BBG0024007X8
623,FXH,First Trust Health Care AlphaDEX Fund,FXH:MM,BBG0024007X8
624,FXI,BTC iShares China Large-Cap ETF,FXI:MM,BBG000QBF385
625,FXL,First Trust Technology AlphaDEX Fund,FXL:MM,BBG0021R8ZC5
626,FXL,First Trust Technology AlphaDEX Fund,FXL:MM,BBG0021R8ZC5
627,FXM,Rydex CurrencyShares Mexican Peso Trust,FXM:MM,BBG000W5C197
628,FXN,First Trust Energy AlphaDEX Fund,FXN:MM,BBG0024007C1
629,FXN,First Trust Energy AlphaDEX Fund,FXN:MM,BBG0024007C1
630,FXO,First Trust Financials AlphaDEX Fund,FXO:MM,BBG0021R93T7
631,FXO,First Trust Financials AlphaDEX Fund,FXO:MM,BBG0021R93T7
632,FXR,First Trust Industrials/Producer Durables AlphaDEX Fund,FXR:MM,BBG002400955
633,FXR,First Trust Industrials/Producer Durables AlphaDEX Fund,FXR:MM,BBG002400955
634,FXS,Rydex CurrencyShares Swedish Krona Trust,FXS:MM,BBG000W5BZ84
635,FXU,First Trust Utilities AlphaDEX Fund,FXU:MM,BBG0024008H4
636,FXU,First Trust Utilities AlphaDEX Fund,FXU:MM,BBG0024008H4
637,FXY,Rydex CurrencyShares Japanese Yen Trust,FXY:MM,BBG000W5BYL2
638,FXZ,First Trust Materials AlphaDEX Fund,FXZ:MM,BBG0021R92G3
639,FXZ,First Trust Materials AlphaDEX Fund,FXZ:MM,BBG0021R92G3
640,FYX,First Trust Small Cap Core AlphaDEX Fund,FYX:MM,BBG0021R94L3
641,FYX,First Trust Small Cap Core AlphaDEX Fund,FYX:MM,BBG0021R94L3
642,GALPN,Galp Energia Sgps,GALPN:MM,BBG009DTBL21
643,GAM B,Grupo Azucarero Mexico S.A.,GAM B:MM,BBG000C9F072
644,GAP B,Grupo Aeroportuario Del Pacifico SA,GAP B:MM,BBG000BLDJX8
645,GASIN,Assicurazioni Generali SPA,GASIN:MM,BBG008D8P5K9
646,GASN,Gas Natural SDG,GASN:MM,BBG0073Y3ZT4
647,GBF,BTC iShares Barclays Government/Credit Bond Fund,GBF:MM,BBG000T80XT6
648,GBM O,Corporativo GBM S.A.B. De C. V.,GBM O:MM,BBG000BS7DQ1
649,GCARSO A1,Grupo Carso S.A.,GCARSO A1:MM,BBG000BQXSD7
650,GCC,Grupo Cementos de Chihuahua S.A.,GCC:MM,BBG000BVK7C7
651,GCON,Catalana Occidente,GCON:MM,BBG0073Y3ZY8
652,GD,General Dynamics Corp.,GD:MM,BBG001NMCWP2
653,GDX,VanEck Vectors Gold Miners ETF,GDX:MM,BBG000VQ4VK2
654,GDXJ,VanEck Vectors Junior Gold Miners ETF,GDXJ:MM,BBG000Q1MV50
655,GE,General Electric Co.,GE:MM,BBG000HVM436
656,GENSEG,General de Seguros S.A.(GENSEG),GENSEG:MM,BBG000MD2M96
657,GENTERA,Gentera S.A,GENTERA:MM,BBG001CGMFR1
658,GENY,Principal Millennials Index ETF,GENY:MM,BBG00K55NWK0
659,GEO B,"Corporacion Geo, S.A.B. DE C.V.",GEO B:MM,BBG000LXN025
660,GEX,VanEck Vectors Global Alternative Energy ETF,GEX:MM,BBG000VQ4W02
661,GFAMSA A,"Grupo Famsa, S.A.B. de C.V.",GFAMSA A:MM,BBG000DJ8XK0
662,GFBB F,Grupo Financiero Bbva Bancomer,GFBB F:MM,BBG000BHQN00
663,GFINBUR O,Grupo Financiero Inbursa S A De C V,GFINBUR O:MM,BBG000LXS146
664,GFINTER O,Grupo Financiero Interacciones S.A,GFINTER O:MM,BBG000LXQV06
665,GFMEXI A,Grupo Financiero Asemex Banpais S.A.,GFMEXI A:MM,BBG000JTYSK4
666,GFMEXI B,Grupo Financiero Asemex Banpais S.A.,GFMEXI B:MM,BBG000JTYTF8
667,GFMULTI O,Grupo Financiero Multiva S.A.B.,GFMULTI O:MM,BBG000LCJWD4
668,GFNORTE O,Grupo Financiero Banorte,GFNORTE O:MM,BBG000LXL8D8
669,GFREGIO O,Banregio Grupo Financiero S.A.B. De C.V,GFREGIO O:MM,BBG001QJZCF6
670,GFSCTIA B,Grupo Financiero Scotiabank Inverlat S.A.,GFSCTIA B:MM,BBG000MFNLH1
671,GGAN,Goldgroup Mining Inc,GGAN:MM,BBG00352S4H6
672,GGB,Gerdau S.A.,GGB:MM,BBG000R1GPK2
673,GGN,Goldcorp Inc,GGN:MM,BBG001YCMVR1
674,GICSA B,Grupo Gicsa S.A. de C.V.,GICSA B:MM,BBG008HDVWS0
675,GIGANTE,"Grupo Gigante, S.A.B. DE C.V.",GIGANTE:MM,BBG000LX71Y6
676,GILD,"Gilead Sciences, Inc.",GILD:MM,BBG000P5Q4T2
677,GISSA A,Grupo Industrial Saltillo Sab De CV,GISSA A:MM,BBG000LXS6R0
678,GIVNN,Givaudan SA,GIVNN:MM,BBG008KSD6B8
679,GLB,Glanbia Plc,GLB:MM,BBG00J2K9FV4
680,GLD,SSgA SPDR Gold Shares,GLD:MM,BBG000QZS002
681,GLEN,Glencore plc,GLEN:MM,BBG003P088R0
682,GLEN,Societe Generale S.A.,GLEN:MM,BBG005PTW7J6
683,GLEN,Glencore plc,GLEN:MM,BBG003P088R0
684,GM,General Motors Company,GM:MM,BBG0027YQXS2
685,GMARTI,Grupo Marti S.A.B. DE C.V.,GMARTI:MM,BBG000LXS7M3
686,GMD,Grupo Mexicano de Desarrollo S.A.B,GMD:MM,BBG000B9X279
687,GMDR,Gmd Resorts S.A.B.,GMDR:MM,BBG000RYV4S2
688,GMEXICO B,Grupo Mexico S.A.,GMEXICO B:MM,BBG000BQCB47
689,GMF,SSgA SPDR S&P Emerging Asia Pacific ETF,GMF:MM,BBG000VXM1R6
690,GML,SSgA SPDR S&P Emerging Latin America ETF,GML:MM,BBG000VXM0F1
691,GMM,SPDR Portfolio Emerging Markets ETF,GMM:MM,BBG000VXLZZ3
692,GMODELO B,Grupo Modelo S.A.B. DE C.V.,GMODELO B:MM,BBG000LXYTM8
693,GMODELO C,Grupo Modelo S.A.B. DE C.V.,GMODELO C:MM,BBG000LXWGS2
694,GMXT,GMexico Transportes S.A. de C.V.,GMXT:MM,BBG00J2KBQW6
695,GNP,Grupo Nacional Provincial S.A.B. DE C.V.,GNP:MM,BBG000BM94Z2
696,GNW,Genworth Financial Inc,GNW:MM,BBG000TK8CQ0
697,GOMO*,GRUPO COMERCIAL GOMO S.A.,GOMO*:MM,BBG000C9CX28
698,GOOG,Google Inc,GOOG:MM,BBG0068TYZ36
699,GOOGL,Google Inc,GOOGL:MM,BBG000FSTSJ8
700,GPH,Grupo Palacio de Hierro S.A.,GPH:MM,BBG000BW3912
701,GPN,"Global Payments, Inc.",GPN:MM,BBG000JY2190
702,GPRO,GoPro Inc.,GPRO:MM,BBG007B25XG2
703,GPRO,GoPro Inc.,GPRO:MM,BBG007B25XG2
704,GPROFUT,Grupo Profuturo S.A. DE C.V.,GPROFUT:MM,BBG000BMVC98
705,GPS,"Gap, Inc.",GPS:MM,BBG000KVMGP1
706,GRUMA B,Gruma S.A.B.DE C.V.,GRUMA B:MM,BBG000LXPLN4
707,GS,"Goldman Sachs Group, Inc.",GS:MM,BBG000HD9HP8
708,GSANBOR B-1,Grupo Sanborns S.A.,GSANBOR B-1:MM,BBG003Y95PR6
709,GSG,BTC iShares S&P GSCI Commodity-Indexed Trust,GSG:MM,BBG000TL0QX7
710,GSH,Guangshen Railway Co. Ltd.,GSH:MM,BBG00J5LK414
711,GSK,Glaxosmithkline plc,GSK:MM,BBG000BT3T60
712,GSZ,Engie,GSZ:MM,BBG005NRH834
713,GSZ,Engie,GSZ:MM,BBG005NRH834
714,GVI,BTC iShares Intermediate Government/Credit Bond ETF,GVI:MM,BBG000W2R1X1
715,GWL,SPDR Portfolio Developed World ex-US ETF,GWL:MM,BBG000VXLZK9
716,GWX,SSgA SPDR S&P International Small Cap ETF,GWX:MM,BBG000VXLZB9
717,GXC,SSgA SPDR S&P China ETF,GXC:MM,BBG000VXLYT3
718,GXG,Global X MSCI Colombia ETF,GXG:MM,BBG0018NSNZ9
719,GXG,Global X MSCI Colombia ETF,GXG:MM,BBG0018NSNZ9
720,HACK,ETFMG Prime Cyber Security ETF,HACK:MM,BBG008LGBP96
721,HACK,ETFMG Prime Cyber Security ETF,HACK:MM,BBG008LGBP96
722,HAL,Halliburton Co.,HAL:MM,BBG0077HCHM4
723,HAL,Halliburton Co.,HAL:MM,BBG0077HCHM4
724,HAP,VanEck Vectors Natural Resources ETF,HAP:MM,BBG000PJ0P68
725,HBC,HSBC Holdings plc,HBC:MM,BBG000C4BYF4
726,HCITY,"Hoteles City Express, S.A.B. De C.V",HCITY:MM,BBG004M9Z847
727,HD,"Home Depot, Inc.",HD:MM,BBG000HW8L50
728,HDV,BTC iShares Core High Dividend ETF,HDV:MM,BBG0035LWS31
729,HDV,BTC iShares Core High Dividend ETF,HDV:MM,BBG0035LWS31
730,HEDJ,WisdomTree Europe Hedged Equity Fund,HEDJ:MM,BBG007Z6DP84
731,HEDJ,WisdomTree Europe Hedged Equity Fund,HEDJ:MM,BBG007Z6DP84
732,HERDEZ,Grupo Herdez S.A.B. DE C.V,HERDEZ:MM,BBG000BRYFR7
733,HEWG,BTC iShares Currency Hedged MSCI Germany ETF,HEWG:MM,BBG008D8P7R8
734,HEWG,BTC iShares Currency Hedged MSCI Germany ETF,HEWG:MM,BBG008D8P7R8
735,HEWJ,BTC iShares Currency Hedged MSCI Japan ETF,HEWJ:MM,BBG008D8P7Y0
736,HEWJ,BTC iShares Currency Hedged MSCI Japan ETF,HEWJ:MM,BBG008D8P7Y0
737,HEZU,BTC iShares Currency Hedged MSCI EMU ETF,HEZU:MM,BBG008D8P896
738,HEZU,BTC iShares Currency Hedged MSCI EMU ETF,HEZU:MM,BBG008D8P896
739,HILASAL A,Hilasal Mexicana S.A.B. DE C.V.,HILASAL A:MM,BBG000LXW819
740,HILASAL B,Hilasal Mexicana S.A.B. DE C.V.,HILASAL B:MM,BBG007QZ4TF4
741,HIT,Hitachi Ltd.,HIT:MM,BBG000L4B095
742,HOGAR B,Consorcio Hogar S.A.B. De C.V.,HOGAR B:MM,BBG000BW4JM6
743,HOMEX,Desarrolladora Homex S.A. de C.V.,HOMEX:MM,BBG000BK8977
744,HON,Honeywell International Inc,HON:MM,BBG000HW8P51
745,HOTEL,Grupo Hotelero Santa Fe Sab De CV,HOTEL:MM,BBG005D4KKK6
746,HPQ,HP Inc,HPQ:MM,BBG000HW0054
747,HQCLN,Hanwha Q CELLS Co Ltd,HQCLN:MM,BBG001R5LHR6
748,HUBN,Huber & Suhner AG,HUBN:MM,BBG00JBB3G75
749,HUM,Humana Inc.,HUM:MM,BBG00K4Y1LF2
750,HYD,VanEck Vectors High-Yield Municipal Index ETF,HYD:MM,BBG003P08BB0
751,HYD,VanEck Vectors High-Yield Municipal Index ETF,HYD:MM,BBG003P08BB0
752,HYEM,VanEck Vectors Emerging Markets High Yield Bond ETF,HYEM:MM,BBG005XWZ2X2
753,HYEM,VanEck Vectors Emerging Markets High Yield Bond ETF,HYEM:MM,BBG005XWZ2X2
754,HYG,BTC iShares iBoxx USD High Yield Corporate Bond ETF,HYG:MM,BBG000VGLQN3
755,HYS,PIMCO 0-5 Year High Yield Corporate Bond Index Exchange-Traded Fund,HYS:MM,BBG003CPM303
756,HYS,PIMCO 0-5 Year High Yield Corporate Bond Index Exchange-Traded Fund,HYS:MM,BBG003CPM303
757,HYUD,Hyundai Motor,HYUD:MM,BBG007PPSCK2
758,HYUD,Hyundai Motor,HYUD:MM,BBG007PPSCK2
759,IAI,BTC iShares U.S. Broker-Dealers ETF,IAI:MM,BBG000W93HQ5
760,IAK,BTC iShares U.S. Insurance ETF,IAK:MM,BBG000W93JM5
761,IASASA*,INDUSTRIA AUTOMOTRIZ SA-*,IASASA*:MM,BBG000LXSGS7
762,IAT,BTC iShares U.S. Regional Banks ETF,IAT:MM,BBG000W93LD0
763,IAU,BTC iShares Gold Trust,IAU:MM,BBG000K9SR70
764,IBB,BTC iShares Nasdaq Biotechnology ETF,IBB:MM,BBG000S4MY56
765,IBCI,BlackRock iShares Inflation Linked Govt Bond UCITS ETF EUR (Acc),IBCI:MM,BBG000P9QTH2
766,IBCX,BlackRock iShares Corp Bond Large Cap UCITS ETF EUR (Dist),IBCX:MM,BBG000S4K8J0
767,IBGL,BlackRock iShares Government Bond 15-30yr UCITS ETF EUR (Dist),IBGL:MM,BBG000V304G2
768,IBGM,BlackRock iShares Euro Government Bond 7-10yr UCITS ETF EUR (Dist),IBGM:MM,BBG000V321N8
769,IBGS,BlackRock iShares Govt Bond 1-3yr UCITS ETF EUR (Dist),IBGS:MM,BBG000HRNM34
770,IBGX,BlackRock iShares Euro Government Bond 3-5yr UCITS ETF EUR (Dist),IBGX:MM,BBG000V323C6
771,IBM,International Business Machines Corp.,IBM:MM,BBG000HW8QF8
772,IBTM,BlackRock iShares USD Treasury Bond 7-10yr UCITS ETF USD (Dist),IBTM:MM,BBG000V358L2
773,IBTS,BlackRock iShares USD Treasury Bond 1-3yr UCITS ETF USD (Dist),IBTS:MM,BBG000V359P6
774,ICA,"Empresas ICA, S.A. de C.V.",ICA:MM,BBG000HBMW10
775,ICF,BTC iShares Cohen & Steers REIT ETF,ICF:MM,BBG0047C47J7
776,ICF,BTC iShares Cohen & Steers REIT ETF,ICF:MM,BBG0047C47J7
777,ICH B,Industrias Ch S.A.B. De C.V.,ICH B:MM,BBG000C15ST5
778,ICLN,BTC iShares Global Clean Energy ETF,ICLN:MM,BBG0014PDBF2
779,ICMTRAC ISHRS,BGI iShares IPC CompMx Total Return TRAC,ICMTRAC ISHRS:MM,BBG000TKGQQ0
780,IDAP,BlackRock iShares Asia Pacific Dividend UCITS ETF USD (Dist),IDAP:MM,BBG00J87T4Q6
781,IDEAL B-1,Impulsora Del Desarrollo Economico Y El Empleo En America Latina S.A.,IDEAL B-1:MM,BBG000C6S6X2
782,IDRN,Indra Sistemas,IDRN:MM,BBG002Z3QQN9
783,IDU,BTC iShares U.S. Utilities ETF,IDU:MM,BBG000HJ9BV1
784,IDV,BTC iShares International Select Dividend ETF,IDV:MM,BBG000BD5WW7
785,IDX,VanEck Vectors Indonesia Index ETF,IDX:MM,BBG000PJ0RD6
786,IEF,BTC iShares 7-10 Year Treasury Bond ETF,IEF:MM,BBG000Q90H03
787,IEFA,BTC iShares Core MSCI EAFE ETF,IEFA:MM,BBG0047C4P61
788,IEFA,BTC iShares Core MSCI EAFE ETF,IEFA:MM,BBG0047C4P61
789,IEI,BTC iShares 3-7 Year Treasury Bond ETF,IEI:MM,BBG000TKDKR5
790,IEMG,BTC iShares Core MSCI Emerging Markets ETF,IEMG:MM,BBG0047C4J56
791,IEMG,BTC iShares Core MSCI Emerging Markets ETF,IEMG:MM,BBG0047C4J56
792,IENOVA,Infraestructura Energetica Nova S.A.B. DE C.V,IENOVA:MM,BBG00462RN64
793,IEO,BTC iShares U.S. Oil & Gas Exploration & Production ETF,IEO:MM,BBG000BYTZ21
794,IEUS,BTC iShares MSCI Europe Small-Cap ETF,IEUS:MM,BBG00K5TYCG5
795,IEV,BTC iShares Europe ETF,IEV:MM,BBG000F26DG6
796,IEZ,BTC iShares U.S. Oil Equipment & Services ETF,IEZ:MM,BBG000W93KD2
797,IFAS,BTC iShares Asia Developed Real Estate ETF,IFAS:MM,BBG000V35CY9
798,IFEU,BTC iShares Europe Developed Real Estate ETF,IFEU:MM,BBG000V35DG7
799,IFGL,BTC iShares International Developed Real Estate ETF,IFGL:MM,BBG000V35F54
800,IFNA,BTC iShares North America Real Estate ETF,IFNA:MM,BBG000V35LG9
801,IFSU,iShares Edge MSCI USA Multifactor UCITS ETF USD (Acc),IFSU:MM,BBG00JG0FD78
802,IFV,First Trust Dorsey Wright International Focus 5 ETF,IFV:MM,BBG0093ZPG42
803,IFV,First Trust Dorsey Wright International Focus 5 ETF,IFV:MM,BBG0093ZPG42
804,IGF,BTC iShares Global Infrastructure ETF,IGF:MM,BBG0014PDC97
805,IGLS,BlackRock iShares UK Gilts 0-5yr UCITS ETF,IGLS:MM,BBG001CGQZX6
806,IGOV,BTC iShares International Treasury Bond ETF,IGOV:MM,BBG002PYB0R1
807,IGOV,BTC iShares International Treasury Bond ETF,IGOV:MM,BBG002PYB0R1
808,IHBTRAC ISHRS,BGI ishares Habita Total Return Trac,IHBTRAC ISHRS:MM,BBG000TKH6Q3
809,IHDG,WisdomTree International Hedged Quality Dividend Growth Fund,IHDG:MM,BBG00B9JQ4W2
810,IHDG,WisdomTree International Hedged Quality Dividend Growth Fund,IHDG:MM,BBG00B9JQ4W2
811,IHE,BTC iShares U.S. Pharmaceuticals ETF,IHE:MM,BBG000W93KT5
812,IHF,BTC iShares U.S. Healthcare Providers ETF,IHF:MM,BBG000W93J36
813,IHI,BTC iShares U.S. Medical Devices ETF,IHI:MM,BBG000W93JX3
814,IJH,BTC iShares Core S&P Mid-Cap ETF,IJH:MM,BBG000F25B44
815,IJJ,BTC iShares S&P Mid-Cap 400 Value ETF,IJJ:MM,BBG000LCXTY2
816,IJK,BTC iShares S&P Mid-Cap 400 Growth ETF,IJK:MM,BBG000LCXT09
817,IJR,BTC iShares Core S&P Small-Cap ETF,IJR:MM,BBG000F259C0
818,IJS,BTC iShares S&P Small-Cap 600 Value ETF,IJS:MM,BBG000HH20X4
819,IJT,BTC iShares S&P Small-Cap 600 Growth ETF,IJT:MM,BBG000HH1Y43
820,ILCTRAC,BGI ishares IPC Large Capital Total Return Trac,ILCTRAC:MM,BBG000TKH362
821,ILF,BTC iShares Latin America 40 ETF,ILF:MM,BBG000N7N333
822,IM,Ingram Micro Inc.,IM:MM,BBG00469PGZ4
823,IMCTRAC ISHRS,BGI ishares IPC Mid Capital Total Return Trac,IMCTRAC ISHRS:MM,BBG000TKH585
824,IMEA,BlackRock iShares MSCI Europe UCITS ETF EUR (Acc),IMEA:MM,BBG00JM2D460
825,IMEU,BlackRock iShares MSCI Europe UCITS ETF EUR (Dist),IMEU:MM,BBG008KFJM43
826,IMEU,BlackRock iShares MSCI Europe UCITS ETF EUR (Dist),IMEU:MM,BBG008KFJM43
827,IMT,Imperial Tobacco Group plc,IMT:MM,BBG005L88HR2
828,IMT,Imperial Brands Plc,IMT:MM,BBG005L88HR2
829,IMXTRAC,BGI ishares INMEX Total Return TRAC,IMXTRAC:MM,BBG000KX74W3
830,INCARSO B-1,"Inmuebles Carso, S.A.B. De C.V",INCARSO B-1:MM,BBG001CSJ3J5
831,INCHN,Inchcape plc,INCHN:MM,BBG008G86787
832,INDA,BTC iShares MSCI India ETF,INDA:MM,BBG004D36QH8
833,INDA,BTC iShares MSCI India ETF,INDA:MM,BBG004D36QH8
834,INDY,BTC iShares India 50 ETF,INDY:MM,BBG000R2HT49
835,ING,Ing Groep Nv Cva,ING:MM,BBG000BQV2T9
836,INGEALB,INGEAL SAB DE CV-B,INGEALB:MM,BBG000DWVSL5
837,INTC,Intel Corp.,INTC:MM,BBG000HVM0G0
838,INTU,Intuit Inc,INTU:MM,BBG009NWWVG3
839,INTU,Intuit Inc,INTU:MM,BBG009NWWVG3
840,INVEX A,Invex Controladora S.A.B DE C.V.,INVEX A:MM,BBG000F0B508
841,IOO,BTC iShares Global 100 ETF,IOO:MM,BBG000N7MVG8
842,IP,International Paper Co.,IP:MM,BBG000HWG5V7
843,IPE,SPDR Bloomberg Barclays TIPS ETF,IPE:MM,BBG000W2DBJ0
844,IPO,IP Group Plc,IPO:MM,BBG006FWZN73
845,IPO,IP Group Plc,IPO:MM,BBG006FWZN73
846,ISPN,Intesa Sanpaolo Spa,ISPN:MM,BBG005K19Q51
847,ISRG,Intuitive Surgical Inc,ISRG:MM,BBG00JZDLWP0
848,ITA,BTC iShares U.S. Aerospace & Defense ETF,ITA:MM,BBG000BJ1FC7
849,ITB,BTC iShares U.S. Home Construction ETF,ITB:MM,BBG000R71H14
850,ITE,SPDR Bloomberg Barclays Intermediate Term Treasury ETF,ITE:MM,BBG002ZLBLY4
851,ITE,SPDR Bloomberg Barclays Intermediate Term Treasury ETF,ITE:MM,BBG002ZLBLY4
852,ITF,BTC iShares JPX-Nikkei 400 ETF,ITF:MM,BBG007J6C3B8
853,ITF,BTC iShares JPX-Nikkei 400 ETF,ITF:MM,BBG007J6C3B8
854,ITM,VanEck Vectors AMT-Free Intermediate Municipal Index ETF,ITM:MM,BBG003P08G29
855,ITM,VanEck Vectors AMT-Free Intermediate Municipal Index ETF,ITM:MM,BBG003P08G29
856,ITOT,BTC iShares Core S&P Total U.S. Stock Market ETF,ITOT:MM,BBG000SND254
857,ITPS,BlackRock iShares TIPS UCITS ETF USD (Acc),ITPS:MM,BBG000V35B44
858,ITUB,Itau Unibanco Holding S.A.,ITUB:MM,BBG000KLTQZ3
859,ITXN,Industria De Diseno Textil SA,ITXN:MM,BBG0073Y42Z9
860,IUES,BlackRock iShares S&P 500 Energy Sector UCITS ETF USD (Acc),IUES:MM,BBG00JM2D3X2
861,IUSA,BlackRock iShares S&P 500 UCITS ETF USD (Dist),IUSA:MM,BBG000S4K711
862,IVE,BTC iShares S&P 500 Value ETF,IVE:MM,BBG000G126R4
863,IVN,Ivanhoe Mines Ltd.,IVN:MM,BBG00JKZ6537
864,IVOO,Vanguard S&P Mid-Cap 400 ETF,IVOO:MM,BBG00864YS17
865,IVV,BTC iShares Core S&P 500 ETF,IVV:MM,BBG000F25841
866,IVW,BTC iShares S&P 500 Growth ETF,IVW:MM,BBG000G12989
867,IWB,BTC iShares Russell 1000 ETF,IWB:MM,BBG000QWP7J7
868,IWC,BTC iShares Micro-Cap ETF,IWC:MM,BBG006DB3L98
869,IWC,BTC iShares Micro-Cap ETF,IWC:MM,BBG006DB3L98
870,IWD,BTC iShares Russell 1000 Value ETF,IWD:MM,BBG002WHJ0L8
871,IWD,BTC iShares Russell 1000 Value ETF,IWD:MM,BBG002WHJ0L8
872,IWF,BTC iShares Russell 1000 Growth ETF,IWF:MM,BBG002WHHWD9
873,IWF,BTC iShares Russell 1000 Growth ETF,IWF:MM,BBG002WHHWD9
874,IWM,BTC iShares Russell 2000 ETF,IWM:MM,BBG000QWP725
875,IWMO,BlackRock iShares Edge MSCI World Momentum Factor UCITS ETF USD (Acc),IWMO:MM,BBG00JG0F7Z0
876,IWN,BTC iShares Russell 2000 Value ETF,IWN:MM,BBG002WHHVL2
877,IWN,BTC iShares Russell 2000 Value ETF,IWN:MM,BBG002WHHVL2
878,IWO,BTC iShares Russell 2000 Growth ETF,IWO:MM,BBG002WHJ831
879,IWO,BTC iShares Russell 2000 Growth ETF,IWO:MM,BBG002WHJ831
880,IWQU,BlackRock iShares Edge MSCI World Quality Factor UCITS ETF USD (Acc),IWQU:MM,BBG00JG0F584
881,IWRD,BlackRock iShares MSCI World UCITS ETF USD (Dist),IWRD:MM,BBG000C7T865
882,IWSZ,BlackRock iShares Edge MSCI World Size Factor UCITS ETF USD (Acc),IWSZ:MM,BBG00JG0F726
883,IWV,BTC iShares Russell 3000 ETF,IWV:MM,BBG000GCR6Q4
884,IWVL,BlackRock iShares Edge MSCI World Value Factor UCITS ETF USD (Acc),IWVL:MM,BBG00JG0F8L3
885,IXC,BTC iShares Global Energy ETF,IXC:MM,BBG0014PDDT3
886,IXG,BTC iShares Global Financials ETF,IXG:MM,BBG0014PDFQ1
887,IXJ,BTC iShares Global Healthcare ETF,IXJ:MM,BBG0014PDMG7
888,IXN,BTC iShares Global Tech ETF,IXN:MM,BBG0014PDKT7
889,IXP,BTC iShares Global Telecom ETF,IXP:MM,BBG000BDGB15
890,IXUS,BTC iShares Core MSCI Total International Stock ETF,IXUS:MM,BBG0047C4WK0
891,IXUS,BTC iShares Core MSCI Total International Stock ETF,IXUS:MM,BBG0047C4WK0
892,IYC,BTC iShares U.S. Consumer Services ETF,IYC:MM,BBG000HJ85Y2
893,IYE,BTC iShares U.S. Energy ETF,IYE:MM,BBG000HZM4J0
894,IYF,BTC iShares U.S. Financials ETF,IYF:MM,BBG000RKFJV3
895,IYG,BTC iShares U.S. Financial Services ETF,IYG:MM,BBG000NRZKD7
896,IYH,BTC iShares U.S. Healthcare ETF,IYH:MM,BBG000HJ9D92
897,IYJ,BTC iShares U.S. Industrials ETF,IYJ:MM,BBG000HJ88K1
898,IYK,BTC iShares U.S. Consumer Goods ETF,IYK:MM,BBG000HJ87Q7
899,IYM,BTC iShares U.S. Basic Materials ETF,IYM:MM,BBG000HJ83S4
900,IYR,BTC iShares U.S. Real Estate ETF,IYR:MM,BBG000JZFPL6
901,IYT,BTC iShares Transportation Average ETF,IYT:MM,BBG000TV5Y54
902,IYW,BTC iShares U.S. Technology ETF,IYW:MM,BBG000RKFKY7
903,IYY,BTC iShares Dow Jones U.S. ETF,IYY:MM,BBG000BDJ7G5
904,IYY,BTC iShares Dow Jones U.S. ETF,IYY:MM,BBG000BDJ7G5
905,IYZ,BTC iShares U.S. Telecommunications ETF,IYZ:MM,BBG000HHP354
906,JASON,JA Solar,JASON:MM,BBG001R5LJ83
907,JAVER,"Servicios Corporativos Javer, S.A.P.I. de C.V.",JAVER:MM,BBG0088CTDK5
908,JCP,J.C. Penny Inc (Holding Co.),JCP:MM,BBG000KVMLB5
909,JKSN,JinkoSolar Holding Co. Ltd,JKSN:MM,BBG001R5LHG8
910,JNJ,Johnson & Johnson,JNJ:MM,BBG000HWCG56
911,JNK,SPDR Bloomberg Barclays High Yield Bond ETF,JNK:MM,BBG000W2D9V1
912,JPM,JPMorgan Chase & Co.,JPM:MM,BBG000HWG262
913,JSC,SSgA SPDR Russell/Nomura Small Cap Japan,JSC:MM,BBG000VXLYD0
914,JXI,BTC iShares Global Utilities ETF,JXI:MM,BBG0014PDJG4
915,KBE,SPDR S&P Bank ETF,KBE:MM,BBG002ZLCQK7
916,KBE,SPDR S&P Bank ETF,KBE:MM,BBG002ZLCQK7
917,KCE,SPDR S&P Capital Markets ETF,KCE:MM,BBG003CPM2Y8
918,KGFN,Kingfisher Plc,KGFN:MM,BBG006M13FX6
919,KHC,Kraft Heinz Co,KHC:MM,BBG009K7MZV6
920,KHC,Kraft Heinz Co,KHC:MM,BBG009K7MZV6
921,KIE,SPDR S&P Insurance ETF,KIE:MM,BBG002ZLD318
922,KIE,SPDR S&P Insurance ETF,KIE:MM,BBG002ZLD318
923,KIMBER A,Kimberly - Clark de Mexico S.A.,KIMBER A:MM,BBG000BQCFF6
924,KIMBER B,Kimberly - Clark de Mexico S.A.,KIMBER B:MM,BBG000BQCH35
925,KKRC,KKR & Co. L.P.,KKRC:MM,BBG00HG9CL41
926,KMX,Carmax Inc,KMX:MM,BBG006K635X9
927,KMX,Carmax Inc,KMX:MM,BBG006K635X9
928,KNOW,Direxion All Cap Insider Sentiment Shares,KNOW:MM,BBG009BVXG25
929,KO,Coca-Cola Co,KO:MM,BBG000HSSKZ6
930,KOF L,Coca-Cola Femsa S.A.B. DE C.V.,KOF L:MM,BBG000BQCMT6
931,KOL,VanEck Vectors Coal ETF,KOL:MM,BBG000W0Z1M8
932,KPN,Koninklijke KPN NV,KPN:MM,BBG003X6PMY0
933,KPN,Koninklijke KPN NV,KPN:MM,BBG003X6PMY0
934,KRE,SPDR S&P Regional Banking ETF,KRE:MM,BBG002ZLDJ68
935,KRE,SPDR S&P Regional Banking ETF,KRE:MM,BBG002ZLDJ68
936,KUO A,Grupo Kuo Sab De CV,KUO A:MM,BBG000BVM2K7
937,KUO B,Grupo Kuo Sab De CV,KUO B:MM,BBG000C0Q3V6
938,KXI,BTC iShares Global Consumer Staples ETF,KXI:MM,BBG0014PCHN1
939,LAB B,Genomma Lab Internacional SAB,LAB B:MM,BBG000G12N97
940,LACOMER B,La Comer SAB de CV,LACOMER B:MM,BBG00BSFFNM0
941,LACOMER UBC,La Comer SAB de CV,LACOMER UBC:MM,BBG00BSFFN86
942,LALA B,Grupo Lala Sab De CV,LALA B:MM,BBG005BHZS62
943,LAMOSA,Grupo Lamosa S.A.,LAMOSA:MM,BBG000LXTPB4
944,LASEG,La Latinoamericana Seguros S.A.,LASEG:MM,BBG000BW5518
945,LB,L Brands Inc,LB:MM,BBG0088D4RR2
946,LB,L Brands Inc,LB:MM,BBG0088D4RR2
947,LBTYA,Liberty Global plc,LBTYA:MM,BBG00HSH1930
948,LEA,Lear Corp.,LEA:MM,BBG009S1X705
949,LEA,Lear Corp.,LEA:MM,BBG009S1X705
950,LEMB,iShares J.P. Morgan EM Local Currency Bond ETF,LEMB:MM,BBG003C5GDC9
951,LEMB,iShares J.P. Morgan EM Local Currency Bond ETF,LEMB:MM,BBG003C5GDC9
952,LEN,Lennar Corp.,LEN:MM,BBG000KFS8J5
953,LINN,Linde AG,LINN:MM,BBG006M138H0
954,LISP,Chocoladefabriken Lindt & Sprungli AG.,LISP:MM,BBG008G868G6
955,LIVEPOL 1,El Puerto de Liverpool S.A.B. DE C.V.,LIVEPOL 1:MM,BBG000BQXWZ4
956,LIVEPOL C-1,El Puerto de Liverpool S.A.B. DE C.V.,LIVEPOL C-1:MM,BBG000BQXXV6
957,LKODN,PJSC Lukoil,LKODN:MM,BBG005KT53J0
958,LLY,Lilly(Eli) & Co,LLY:MM,BBG000CC9143
959,LLY,Lilly(Eli) & Co,LLY:MM,BBG000CC9143
960,LMT,Lockheed Martin Corp.,LMT:MM,BBG005K19MM1
961,LMT,Lockheed Martin Corp.,LMT:MM,BBG005K19MM1
962,LNKD,LinkedIn Corp,LNKD:MM,BBG006DB3KM5
963,LNKD,LinkedIn Corp,LNKD:MM,BBG006DB3KM5
964,LORLY,L`Oreal,LORLY:MM,BBG000BQV3C5
965,LPL,LG Display Co Ltd.,LPL:MM,BBG000PQ8RY9
966,LQD,BTC iShares iBoxx USD Investment Grade Corporate Bond ETF,LQD:MM,BBG000S477V3
967,LQDE,BlackRock iShares USD Corporate Bond UCITS ETF USD (Dist),LQDE:MM,BBG008KFJLT8
968,LQDE,BlackRock iShares USD Corporate Bond UCITS ETF USD (Dist),LQDE:MM,BBG008KFJLT8
969,LSE,London Stock Exchange Group,LSE:MM,BBG00HPF2QH3
970,LTPZ,PIMCO 15+ Year U.S. TIPS Index Exchange-Traded Fund,LTPZ:MM,BBG001WSL8G2
971,LTPZ,PIMCO 15+ Year U.S. TIPS Index Exchange-Traded Fund,LTPZ:MM,BBG001WSL8G2
972,LVS,Las Vegas Sands Corp,LVS:MM,BBG000SHP3Q9
973,LYAEJSW,Lyxor ETF MSCI AC Asia-Pacific ex Japan Class E,LYAEJSW:MM,BBG000G2GCX7
974,LYBN,LyondellBasell Industries NV,LYBN:MM,BBG009DLJNS8
975,LYG,Lloyds Banking Group plc,LYG:MM,BBG000C4C0C0
976,LYLTMSW,Lyxor ETF MSCI EM Latin America Class B,LYLTMSW:MM,BBG000G7HRH0
977,LYUSASW,Lyxor MSCI USA (Part USD) Class B,LYUSASW:MM,BBG000VK39Z9
978,LYWLDSW,Lyxor MSCI World (Part USD) Class B,LYWLDSW:MM,BBG000VK9WS0
979,M10TRAC ISHRS,BGI ishares LATixx Mexico M10TRAC,M10TRAC ISHRS:MM,BBG000N8Y5C4
980,M5TRAC ISHRS,BGI ishares LATixx Mexico M5TRAC,M5TRAC ISHRS:MM,BBG000N8Y3W7
981,MA,Mastercard Incorporated,MA:MM,BBG00469PF86
982,MA,Mastercard Incorporated,MA:MM,BBG00469PF86
983,MAERSKB,A.P. Moller - Maersk AS,MAERSKB:MM,BBG00K1ZMM49
984,MAPN,Mapfre Sociedad Anonima,MAPN:MM,BBG0077HF832
985,MAS,Masco Corp.,MAS:MM,BBG005KBTH75
986,MAS,Masco Corp.,MAS:MM,BBG005KBTH75
987,MASECA A,Grupo Industrial Maseca S.A.B. DE C.V.,MASECA A:MM,BBG000BQC8J8
988,MASECA B,Grupo Industrial Maseca S.A.B. DE C.V.,MASECA B:MM,BBG000BQC9C3
989,MAXCOM A,Maxcom Telecomunicaciones Sa De Cv,MAXCOM A:MM,BBG002KNH7W3
990,MBB,BTC iShares MBS ETF,MBB:MM,BBG000W2R0H1
991,MBTN,Mobile Telesystems,MBTN:MM,BBG00161L291
992,MCD,McDonald`s Corp,MCD:MM,BBG000HW8S73
993,MCHI,BTC iShares MSCI China ETF,MCHI:MM,BBG0024LG6R4
994,MCHI,BTC iShares MSCI China ETF,MCHI:MM,BBG0024LG6R4
995,MCK,Mckesson Corporation,MCK:MM,BBG001NMCYF9
996,MCM,Miquel Y Costas,MCM:MM,BBG0073Y3T72
997,MCM,Miquel Y Costas,MCM:MM,BBG0073Y3T72
998,MD,MEDNAX Inc,MD:MM,BBG005DLBF74
999,MD,MEDNAX Inc,MD:MM,BBG005DLBF74
1000,MDIV,First Trust ETF VI Multi-Asset Diversified Income Index Fund,MDIV:MM,BBG007NGW908
1001,MDIV,First Trust ETF VI Multi-Asset Diversified Income Index Fund,MDIV:MM,BBG007NGW908
1002,MDT,Medtronic Plc,MDT:MM,BBG000L4B9R6
1003,MDYG,SSgA SPDR S&P 400 Mid Cap Growth ETF,MDYG:MM,BBG003CPLZN8
1004,MDYG,SSgA SPDR S&P 400 Mid Cap Growth ETF,MDYG:MM,BBG003CPLZN8
1005,MEDICA B,Medica Sur SAB DE CV,MEDICA B:MM,BBG000H1F500
1006,MEGA CPO,Megacable Holdings Sab De Cv,MEGA CPO:MM,BBG000TQVWL2
1007,MELIN,MercadoLibre Inc,MELIN:MM,BBG000K2L0C5
1008,MES,VanEck Vectors Gulf States Index ETF,MES:MM,BBG000KFP3V5
1009,MEXCHEM,Mexichem S.A.B. de C.V.,MEXCHEM:MM,BBG000C2R1L6
1010,MEXCHEM A,Mexichem S.A.,MEXCHEM A:MM,BBG000LXVX15
1011,MEXTRAC 09,BBVA Bancomer Mextrac,MEXTRAC 09:MM,BBG000P3CCK3
1012,MFRISCO A-1,Minera Frisco S.A.B. De C.V,MFRISCO A-1:MM,BBG001CSJ403
1013,MGC,Vanguard Mega Cap 300 Index ETF,MGC:MM,BBG000V7DT83
1014,MGK*,,MGK*:MM,BBG000V7DTK9
1015,MGM,MGM Resorts International,MGM:MM,BBG000PP2G26
1016,MGV*,,MGV*:MM,BBG000V7DS85
1017,MHP,S&P Global Inc,MHP:MM,BBG000L9NY51
1018,MILATRC16,Actinver Tracs Milatrac 16 ETF,MILATRC16:MM,BBG00CF6BZY6
1019,MINSA B,Grupo Minsa S.A.,MINSA B:MM,BBG000BW1JR4
1020,MLM,"Martin Marietta Materials, Inc.",MLM:MM,BBG007B25VR4
1021,MLM,"Martin Marietta Materials, Inc.",MLM:MM,BBG007B25VR4
1022,MLN,VanEck Vectors AMT-Free Long Municipal Index ETF,MLN:MM,BBG003P08CJ0
1023,MLN,VanEck Vectors AMT-Free Long Municipal Index ETF,MLN:MM,BBG003P08CJ0
1024,MMK,Mayr-Melnhof Karton AG,MMK:MM,BBG00JBB3FM0
1025,MMM,3M Co.,MMM:MM,BBG000HSBD80
1026,MO,Altria Group Inc.,MO:MM,BBG000HSDNT3
1027,MOAT,VanEck Vectors Morningstar Wide Moat ETF,MOAT:MM,BBG003P08DS8
1028,MOAT,VanEck Vectors Morningstar Wide Moat ETF,MOAT:MM,BBG003P08DS8
1029,MON,Monsanto Co.,MON:MM,BBG000HS75N5
1030,MONEX A,"Holding Monex, S.A.P.I.B. DE C.V.",MONEX A:MM,BBG005CHBZS7
1031,MONEX B,"Holding Monex, S.A.P.I.B. DE C.V.",MONEX B:MM,BBG000R1T1N8
1032,MOO,VanEck Vectors Agribusiness ETF,MOO:MM,BBG000VQ4WC9
1033,MORT,VanEck Vectors Mortgage REIT Income ETF,MORT:MM,BBG003P08FM9
1034,MORT,VanEck Vectors Mortgage REIT Income ETF,MORT:MM,BBG003P08FM9
1035,MOS,Mosaic Company,MOS:MM,BBG000JPKJM5
1036,MRK,Merck & Co Inc,MRK:MM,BBG000HW8MN8
1037,MRN,Mindray Medical International Limited,MRN:MM,BBG001R5LK26
1038,MRWN,Morrison (Wm.) Supermarkets plc,MRWN:MM,BBG005L88HT0
1039,MSFT,Microsoft Corporation,MSFT:MM,BBG000HSSV64
1040,MTG,MGIC Investment Corp,MTG:MM,BBG004MG6S58
1041,MTG,MGIC Investment Corp,MTG:MM,BBG004MG6S58
1042,MTUM,BTC iShares Edge MSCI USA Momentum Factor ETF,MTUM:MM,BBG007JNX943
1043,MTUM,BTC iShares Edge MSCI USA Momentum Factor ETF,MTUM:MM,BBG007JNX943
1044,MTUN,"Mitsubishi UFJ Financial Group, Inc.",MTUN:MM,BBG000G2HXW1
1045,MU,Micron Technology Inc.,MU:MM,BBG000L4BC99
1046,MUV2N,Muenchener Rueckversicherungs-Gesellschaft AG,MUV2N:MM,BBG008KSDFZ2
1047,MUX,McEwen Mining Inc,MUX:MM,BBG002S0Q7Y3
1048,MUX,McEwen Mining Inc,MUX:MM,BBG002S0Q7Y3
1049,MVEU,iShares Edge MSCI Europe Minimum Volatility UCITS ETF EUR (Acc),MVEU:MM,BBG0087F52M7
1050,MVEU,iShares Edge MSCI Europe Minimum Volatility UCITS ETF EUR (Acc),MVEU:MM,BBG0087F52M7
1051,MWD,Morgan Stanley,MWD:MM,BBG000C3WKL6
1052,MXI,BTC iShares Global Materials ETF,MXI:MM,BBG0014PCF00
1053,NAFTRAC ISHRS,BGI ishares NAFTRAC,NAFTRAC ISHRS:MM,BBG000MQNQQ6
1054,NBG,National Bank of Greece,NBG:MM,BBG001CSH5Z4
1055,NCLHN,Norwegian Cruise Line Holdings Ltd,NCLHN:MM,BBG0070HZQV6
1056,NEMAK A,Nemak S.A.B. de C.V.,NEMAK A:MM,BBG008MWHDX4
1057,NFLX,NetFlix Inc,NFLX:MM,BBG002S0Q880
1058,NFLX,NetFlix Inc,NFLX:MM,BBG002S0Q880
1059,NIHD,Nii Holdings Inc.,NIHD:MM,BBG000QWNH43
1060,NKE,"Nike, Inc.",NKE:MM,BBG0064N2GC0
1061,NKE,"Nike, Inc.",NKE:MM,BBG0064N2GC0
1062,NLR,VanEck Vectors Uranium+Nuclear Energy ETF,NLR:MM,BBG000W0Z2D6
1063,NOC,Northrop Grumman Corp.,NOC:MM,BBG00K1ZG357
1064,NOEJ,Norma Group AG.,NOEJ:MM,BBG0070HZCJ1
1065,NOEJ,Norma Group AG.,NOEJ:MM,BBG0070HZCJ1
1066,NOK,Nokia Corp,NOK:MM,BBG000BQV4R7
1067,NOV,National Oilwell Varco Inc.,NOV:MM,BBG001QYJKT8
1068,NSRGY,Nestle SA,NSRGY:MM,BBG000C4C110
1069,NTTN,Nippon Telegraph & Telephone Corp.,NTTN:MM,BBG005KBTJH0
1070,NUCL,BTC iShares Global Nuclear Energy ETF,NUCL:MM,BBG0014PCCK5
1071,NUE,Nucor Corp.,NUE:MM,BBG000M0H7S0
1072,NUE,Nucor Corp.,NUE:MM,BBG000M0H7S0
1073,NUTRISA,Grupo Nutrisa S.A.,NUTRISA:MM,BBG000LXS9P6
1074,NVDA,NVIDIA Corp,NVDA:MM,BBG001J8WB09
1075,NVDA,NVIDIA Corp,NVDA:MM,BBG001J8WB09
1076,NVO,Novo Nordisk,NVO:MM,BBG007QV72Q7
1077,NVO,Novo Nordisk,NVO:MM,BBG007QV72Q7
1078,NVS,Novartis AG,NVS:MM,BBG000LVPM47
1079,OEF,BTC iShares S&P 100 ETF,OEF:MM,BBG000N7KH99
1080,OHLMEX,OHL Mexico SAB,OHLMEX:MM,BBG0018X2FF4
1081,OHLN,Obrascon Huarte Lain,OHLN:MM,BBG0077HDWW9
1082,OIBR,Oi S.A.,OIBR:MM,BBG000Q94M62
1083,OIH,VanEck Vectors Oil Services ETF,OIH:MM,BBG00352S4Q6
1084,OIH,VanEck Vectors Oil Services ETF,OIH:MM,BBG00352S4Q6
1085,OILBN,ETFS Brent 1mth,OILBN:MM,BBG000JHFLZ0
1086,OMA B,Grupo Aeroportuario Del Centro Nort,OMA B:MM,BBG000LHL1D8
1087,OR,L`Oreal,OR:MM,BBG005PTWF71
1088,OR,L`Oreal,OR:MM,BBG005PTWF71
1089,ORCL,Oracle Corp.,ORCL:MM,BBG000KVLYP3
1090,PAPPEL,Bio Pappel S.A.B. De C.V.,PAPPEL:MM,BBG000P4KQY6
1091,PASA B,"Promotora Ambiental, S.A.B. de C.V.",PASA B:MM,BBG000KBYQT6
1092,PATRIA,Reaseguradora Patria S.A.,PATRIA:MM,BBG000BLSG77
1093,PBD,PowerShares Global Clean Energy Portfolio,PBD:MM,BBG001KHJN97
1094,PBD*,,PBD*:MM,BBG001KHJN97
1095,PBE,PowerShares Dynamic Biotech & Genome Portfolio,PBE:MM,BBG001KLW3Q8
1096,PBE,PowerShares Dynamic Biotech & Genome Portfolio,PBE:MM,BBG001KLW3Q8
1097,PBJ,PowerShares Dynamic Food & Beverage Portfolio,PBJ:MM,BBG001KLXY43
1098,PBJ*,,PBJ*:MM,BBG001KLXY43
1099,PBR,Petroleo Brasileiro S.A.,PBR:MM,BBG000F44G22
1100,PBW,PowerShares Wilderhill Clean Energy Portfolio,PBW:MM,BBG001K7NDJ5
1101,PBW,PowerShares Wilderhill Clean Energy Portfolio,PBW:MM,BBG001K7NDJ5
1102,PCEF,PowerShares CEF Income Composite Portfolio,PCEF:MM,BBG001K3XLQ7
1103,PCEF,PowerShares CEF Income Composite Portfolio,PCEF:MM,BBG001K3XLQ7
1104,PCLN,Booking Holdings Inc,PCLN:MM,BBG000LJQ4H9
1105,PCY,PowerShares Emerging Markets Sovereign Debt Portfolio,PCY:MM,BBG001KKKG48
1106,PCY,PowerShares Emerging Markets Sovereign Debt Portfolio,PCY:MM,BBG001KKKG48
1107,PDP,PowerShares DWA Momentum Portfolio,PDP:MM,BBG001KLVN85
1108,PDP,PowerShares DWA Momentum Portfolio,PDP:MM,BBG001KLVN85
1109,PE&OLES,Industrias Penoles S.A.,PE&OLES:MM,BBG000LXSL15
1110,PEP,Pepsico Inc.,PEP:MM,BBG000L4BH98
1111,PEY,PowerShares High Yield Equity Dividend Achievers Portfolio,PEY:MM,BBG001K3RKP7
1112,PFCN,Petrofac,PFCN:MM,BBG00B2VZY47
1113,PFE,Pfizer Inc.,PFE:MM,BBG000K4VB09
1114,PFF,BTC iShares U.S. Preferred Stock ETF,PFF:MM,BBG002PYB1J8
1115,PFF,BTC iShares U.S. Preferred Stock ETF,PFF:MM,BBG002PYB1J8
1116,PFM,PowerShares Dividend Achievers Portfolio,PFM:MM,BBG001K3RM82
1117,PFM,PowerShares Dividend Achievers Portfolio,PFM:MM,BBG001K3RM82
1118,PG,Procter & Gamble Co.,PG:MM,BBG000HW5GC6
1119,PGJ,PowerShares Golden Dragon China Portfolio,PGJ:MM,BBG001K3RLH4
1120,PGJ,PowerShares Golden Dragon China Portfolio,PGJ:MM,BBG001K3RLH4
1121,PGX,PowerShares Preferred Portfolio,PGX:MM,BBG001KHJPD7
1122,PGX,PowerShares Preferred Portfolio,PGX:MM,BBG001KHJPD7
1123,PHB,PowerShares Fundamental High Yield Corporate Bond Portfolio,PHB:MM,BBG001K3XKV3
1124,PHB,PowerShares Fundamental High Yield Corporate Bond Portfolio,PHB:MM,BBG001K3XKV3
1125,PHG,Koninklijke Philips N.V.,PHG:MM,BBG000HKNVS2
1126,PHM,PulteGroup Inc,PHM:MM,BBG000KFS627
1127,PHO,PowerShares Water Resources Portfolio,PHO:MM,BBG001K7NJ75
1128,PHO,PowerShares Water Resources Portfolio,PHO:MM,BBG001K7NJ75
1129,PIA,Piaggio Spa,PIA:MM,BBG0070J0PZ8
1130,PIA,Piaggio Spa,PIA:MM,BBG0070J0PZ8
1131,PID,PowerShares International Dividend Achievers Portfolio,PID:MM,BBG001K3RN35
1132,PID,PowerShares International Dividend Achievers Portfolio,PID:MM,BBG001K3RN35
1133,PIE,PowerShares DWA Emerging Markets Momentum Portfolio,PIE:MM,BBG001K3XL23
1134,PII,Polaris Industries Inc.,PII:MM,BBG009DTBM56
1135,PII,Polaris Industries Inc.,PII:MM,BBG009DTBM56
1136,PIN,PowerShares India Portfolio,PIN:MM,BBG001KHJNZ8
1137,PIN,PowerShares India Portfolio,PIN:MM,BBG001KHJNZ8
1138,PINFRA,Promotora Y Operadora De Infraestructura S.A.,PINFRA:MM,BBG000BTHZ61
1139,PINFRA L,Promotora Y Operadora De Infraestructura S.A.,PINFRA L:MM,BBG006T4K2Z1
1140,PIO,PowerShares Global Water Portfolio,PIO:MM,BBG001KHJP29
1141,PIO*,,PIO*:MM,BBG001KHJP29
1142,PIZ,PowerShares DWA Developed Markets Momentum Portfolio,PIZ:MM,BBG001KLXZL1
1143,PKXN,Posco,PKXN:MM,BBG006FWZLL1
1144,PLANI,Planigrupo Latam Sab De CV,PLANI:MM,BBG00D73J1V0
1145,PLD,Prologis Inc,PLD:MM,BBG001QWYVD8
1146,PLL,Pall Corp.,PLL:MM,BBG006BB8JZ1
1147,PLL,Pall Corp.,PLL:MM,BBG006BB8JZ1
1148,PLND,VanEck Vectors Poland ETF,PLND:MM,BBG0018NSNW2
1149,PLND,VanEck Vectors Poland ETF,PLND:MM,BBG0018NSNW2
1150,PLW,PowerShares 1-30 Laddered Treasury Portfolio,PLW:MM,BBG001KLVQQ8
1151,PLW,PowerShares 1-30 Laddered Treasury Portfolio,PLW:MM,BBG001KLVQQ8
1152,PMNA,PowerShares MENA Frontier Countries Portfolio,PMNA:MM,BBG001K8YHL9
1153,PMOM,Principal Sustainable Momentum Index ETF,PMOM:MM,BBG00K55PGG8
1154,PNC,PNC Financial Services Group,PNC:MM,BBG005KBTHW7
1155,PNC,PNC Financial Services Group,PNC:MM,BBG005KBTHW7
1156,POCHTEC B,Grupo Pochteca Sab De CV,POCHTEC B:MM,BBG000GPP5V3
1157,POPN,Banco Popular Espanol,POPN:MM,BBG003X9F7H7
1158,POSADAS,Grupo Posadas S.A.B.De C.V,POSADAS:MM,BBG000LXPGR1
1159,POSADAS L,Grupo Posadas S.A.B.De C.V,POSADAS L:MM,BBG000LXPJ13
1160,POT,Potash Corp. Of Saskatchewan Inc.,POT:MM,BBG000MFRQ86
1161,PPA,PowerShares Aerospace and Defense Portfolio,PPA:MM,BBG001K7NDZ7
1162,PPA,PowerShares Aerospace and Defense Portfolio,PPA:MM,BBG001K7NDZ7
1163,PPG,"PPG Industries, Inc.",PPG:MM,BBG008B5DV14
1164,PPG,"PPG Industries, Inc.",PPG:MM,BBG008B5DV14
1165,PPH,VanEck Vectors Pharmaceutical ETF,PPH:MM,BBG00352S4T3
1166,PPH,VanEck Vectors Pharmaceutical ETF,PPH:MM,BBG00352S4T3
1167,PRF,PowerShares FTSE RAFI US 1000 Portfolio,PRF:MM,BBG001K7NVB3
1168,PRF,PowerShares FTSE RAFI US 1000 Portfolio,PRF:MM,BBG001K7NVB3
1169,PRFZ,PowerShares FTSE RAFI US 1500 Small-Mid Portfolio,PRFZ:MM,BBG001K7NVY8
1170,PRFZ*,,PRFZ*:MM,BBG001K7NVY8
1171,PROCORP A,Procorp S.A.,PROCORP A:MM,BBG000Q97N94
1172,PROCORP B,Procorp S.A.,PROCORP B:MM,BBG000Q982N3
1173,PRU,Prudential Financial Inc.,PRU:MM,BBG000Q94ND2
1174,PSC,Principal U.S. Small-Cap Multi-Factor Index ETF,PSC:MM,BBG00K55PHR4
1175,PSET,Principal Price Setters Index ETF,PSET:MM,BBG00K55PJD5
1176,PSP,PowerShares Global Listed Private Equity Portfolio,PSP:MM,BBG001KHJP65
1177,PSP,PowerShares Global Listed Private Equity Portfolio,PSP:MM,BBG001KHJP65
1178,PSQ,ProShares Short QQQ,PSQ:MM,BBG000W98Y47
1179,PTR,PetroChina Co. Ltd.,PTR:MM,BBG001R5KFB8
1180,PUBN,Publicis Groupe SA,PUBN:MM,BBG00B0GY8N9
1181,PUK,Prudential plc,PUK:MM,BBG000C4C2J9
1182,PV,Pena Verde SAB,PV:MM,BBG003MLBFV2
1183,PVAL,Principal Contrarian Value Index ETF,PVAL:MM,BBG00K55PKQ8
1184,PVI,PowerShares VRDO Tax-Free Weekly Portfolio,PVI:MM,BBG001KKPCC3
1185,PWB,PowerShares Dynamic Large Cap Growth Portfolio,PWB:MM,BBG001KLVV23
1186,PWB*,,PWB*:MM,BBG001KLVV23
1187,PWC,PowerShares Dynamic Market Portfolio,PWC:MM,BBG001KLVZV2
1188,PWV,PowerShares Dynamic Large Cap Value Portfolio,PWV:MM,BBG001KKKHN5
1189,PWV,PowerShares Dynamic Large Cap Value Portfolio,PWV:MM,BBG001KKKHN5
1190,PXF,PowerShares FTSE RAFI Developed Markets ex-U.S. Portfolio,PXF:MM,BBG001KHJP92
1191,PXF*,,PXF*:MM,BBG001KHJP92
1192,PXH,PowerShares FTSE RAFI Emerging Markets Portfolio,PXH:MM,BBG001K3RNQ0
1193,PXH,PowerShares FTSE RAFI Emerging Markets Portfolio,PXH:MM,BBG001K3RNQ0
1194,PXJ,PowerShares Dynamic Oil & Gas Services Portfolio,PXJ:MM,BBG001KLWHB3
1195,PXJ,PowerShares Dynamic Oil & Gas Services Portfolio,PXJ:MM,BBG001KLWHB3
1196,PXMG,PowerShares Russell Midcap Pure Growth Portfolio,PXMG:MM,BBG001KLWYY1
1197,PXMG*,,PXMG*:MM,BBG001KLWYY1
1198,PXR,PowerShares Emerging Markets Infrastructure Portfolio,PXR:MM,BBG001K8YFJ6
1199,PXR,PowerShares Emerging Markets Infrastructure Portfolio,PXR:MM,BBG001K8YFJ6
1200,PXUS,Principal International Multi-Factor Index ETF,PXUS:MM,BBG00K55PMT1
1201,PY,Principal Shareholder Yield Index ETF,PY:MM,BBG00K55PN91
1202,PYP B,Grupo Profesional Planeacion Y Proyectos S.A.,PYP B:MM,BBG000LXSBW3
1203,PZA,PowerShares National AMT-Free Municipal Bond Portfolio,PZA:MM,BBG001K3XKM3
1204,PZD,PowerShares Cleantech Portfolio,PZD:MM,BBG001KHJPG4
1205,PZD,PowerShares Cleantech Portfolio,PZD:MM,BBG001KHJPG4
1206,PZI,PowerShares Zacks Micro Cap Portfolio,PZI:MM,BBG001K7NDS5
1207,QBINDUS A,Q.B. Industrias S.A.,QBINDUS A:MM,BBG000LXVTH7
1208,QBINDUS B,Q.B. Industrias S.A.,QBINDUS B:MM,BBG000LXVW71
1209,QC A,Qualitas Controladora S.A.B. De C.V.,QC A:MM,BBG0036XBG60
1210,QC B,Qualitas Controladora S.A.B. De C.V.,QC B:MM,BBG0036XBGD2
1211,QCOM,"Qualcomm, Inc.",QCOM:MM,BBG000KVM2K7
1212,Q CPO,Qualitas Compania De Seguros SA De CV,Q CPO:MM,BBG000C8KWH7
1213,QLD,ProShares Ultra QQQ,QLD:MM,BBG000W5BXQ9
1214,QLTA,BTC iShares Aaa - A Rated Corporate Bond ETF,QLTA:MM,BBG0047C4CF0
1215,QLTA,BTC iShares Aaa - A Rated Corporate Bond ETF,QLTA:MM,BBG0047C4CF0
1216,QLTC,BTC iShares B - Ca Rated Corporate Bond ETF,QLTC:MM,BBG004D36QW1
1217,QLTC,BTC iShares B - Ca Rated Corporate Bond ETF,QLTC:MM,BBG004D36QW1
1218,QQEW,First Trust NASDAQ-100 Equal Weighted Index Fund,QQEW:MM,BBG0021R95H5
1219,QQEW,First Trust NASDAQ-100 Equal Weighted Index Fund,QQEW:MM,BBG0021R95H5
1220,QQQ,Invesco NASDAQ 100 Trust Shares,QQQ:MM,BBG000CPPFZ1
1221,QQQE,Direxion NASDAQ-100 Equal Weighted Index Shares,QQQE:MM,BBG009BVXJR2
1222,QTEC,First Trust NASDAQ-100 Technology Sector Index Fund,QTEC:MM,BBG007NGNGY5
1223,QTEC,First Trust NASDAQ-100 Technology Sector Index Fund,QTEC:MM,BBG007NGNGY5
1224,QUAL,BTC iShares Edge MSCI USA Quality Factor ETF,QUAL:MM,BBG007J6C408
1225,QUAL,BTC iShares Edge MSCI USA Quality Factor ETF,QUAL:MM,BBG007J6C408
1226,QUMMA A,Grupo Qumma S.A.,QUMMA A:MM,BBG000L90LB7
1227,QUMMA B,Grupo Qumma S.A.,QUMMA B:MM,BBG000LXPPT9
1228,QUMMA C,Grupo Qumma S.A.,QUMMA C:MM,BBG000L90MQ9
1229,RAND,Randstad Holding NV,RAND:MM,BBG009PP2SF7
1230,RAND,Randstad Holding NV,RAND:MM,BBG009PP2SF7
1231,RASSINI,Rassini S.A.B. de C.V,RASSINI:MM,BBG000PX3YX5
1232,RASSINI A,Sanluis Rassini Corporacion S.A.P.I. CV,RASSINI A:MM,BBG000LXP2W6
1233,RASSINI C,Sanluis Rassini Corporacion S.A.P.I. CV,RASSINI C:MM,BBG000PX3ZQ0
1234,RASSINI CPO,Sanluis Rassini Corporacion S.A.P.I. CV,RASSINI CPO:MM,BBG000M37K42
1235,RCENTRO A,"Grupo Radio Centro, S.A.B. DE C.V.",RCENTRO A:MM,BBG000BQCM25
1236,RCF,Teleperformance,RCF:MM,BBG009NYJCD9
1237,RCL,Royal Caribbean Cruises Ltd.,RCL:MM,BBG000BVP7Q7
1238,RDN,"Radian Group, Inc.",RDN:MM,BBG004MG6SR4
1239,RDN,"Radian Group, Inc.",RDN:MM,BBG004MG6SR4
1240,RDSB,Royal Dutch Shell Plc,RDSB:MM,BBG000QY85B4
1241,RDYN,Dr. Reddy`s Laboratories Ltd.,RDYN:MM,BBG006FWZKW1
1242,REALTUR A,Real Turismo S.A.,REALTUR A:MM,BBG000J9N6V6
1243,REE,Red Electrica Corporacion S.A.,REE:MM,BBG009DTBL76
1244,REE,Red Electrica Corporacion S.A.,REE:MM,BBG009DTBL76
1245,REM,iShares Mortgage Real Estate ETF,REM:MM,BBG006DB3KS9
1246,REM,iShares Mortgage Real Estate ETF,REM:MM,BBG006DB3KS9
1247,REMX,VanEck Vectors Rare Earth/Strategic Metals ETF,REMX:MM,BBG001CDMXJ8
1248,REMX,VanEck Vectors Rare Earth/Strategic Metals ETF,REMX:MM,BBG001CDMXJ8
1249,REW,ProShares UltraShort Technology,REW:MM,BBG000VR4Z30
1250,REZ,iShares Residential Real Estate,REZ:MM,BBG006DB3KV5
1251,REZ,iShares Residential Real Estate,REZ:MM,BBG006DB3KV5
1252,RGC,Regal Entertainment Group,RGC:MM,BBG003X8ZGK3
1253,RGC,Regal Entertainment Group,RGC:MM,BBG003X8ZGK3
1254,RHHBY,Roche Holding AG,RHHBY:MM,BBG000BQV629
1255,RIGN,Transocean Ltd,RIGN:MM,BBG000Q5N726
1256,RIO,Rio Tinto plc,RIO:MM,BBG000L4CLF1
1257,RJF,"Raymond James Financial, Inc.",RJF:MM,BBG00K1ZJW96
1258,RLH A,RLH Properties SAB de CV,RLH A:MM,BBG00B083PS8
1259,RNE,Morgan Stanley European Fund Inc,RNE:MM,BBG000QM7G09
1260,RNO,Renault S.A.,RNO:MM,BBG00JKYTBN0
1261,ROG,Roche Holding AG,ROG:MM,BBG005NRH861
1262,ROG,Roche Holding AG,ROG:MM,BBG005NRH861
1263,ROST,"Ross Stores, Inc.",ROST:MM,BBG004PYG699
1264,ROST,"Ross Stores, Inc.",ROST:MM,BBG004PYG699
1265,RPG,Guggenheim S&P 500 Pure Growth ETF,RPG:MM,BBG008B5DXC8
1266,RPG,Guggenheim S&P 500 Pure Growth ETF,RPG:MM,BBG008B5DXC8
1267,RPV,Guggenheim S&P 500 Pure Value ETF,RPV:MM,BBG008B5DX56
1268,RPV,Guggenheim S&P 500 Pure Value ETF,RPV:MM,BBG008B5DX56
1269,RRCO,Range Resources Corp,RRCO:MM,BBG00JXQCVK0
1270,RSCO,SPDR Portfolio Mid Cap ETF,RSCO:MM,BBG003CPM2T4
1271,RSP,Guggenheim S&P 500 Equal Weight ETF,RSP:MM,BBG008B5DX10
1272,RSP,Guggenheim S&P 500 Equal Weight ETF,RSP:MM,BBG008B5DX10
1273,RSX,VanEck Vectors Russia ETF,RSX:MM,BBG000V1RP16
1274,RTH,VanEck Vectors Retail ETF,RTH:MM,BBG00352S583
1275,RTH,VanEck Vectors Retail ETF,RTH:MM,BBG00352S583
1276,RXI,BTC iShares Global Consumer Discretionary ETF,RXI:MM,BBG0014PC9T3
1277,RXI,BTC iShares Global Consumer Discretionary ETF,RXI:MM,BBG0014PC9T3
1278,RY,Royal Bank Of Canada,RY:MM,BBG000F6DMQ8
1279,RYA,Ryanair Holdings Plc,RYA:MM,BBG008D8P4Z6
1280,RYA,Ryanair Holdings Plc,RYA:MM,BBG008D8P4Z6
1281,S,Sprint Corp.,S:MM,BBG004V15CN7
1282,S,Sprint Corp.,S:MM,BBG004V15CN7
1283,SAB,Grupo Casa Saba S.A.B. DE C.V.,SAB:MM,BBG000BTMG12
1284,SAMPO,Sampo Plc,SAMPO:MM,BBG00K81S0W8
1285,SAN,Banco Santander S.A.,SAN:MM,BBG000LH9YL1
1286,SANMEX F,Grupo Financiero Santander Serfin S.A. DE C.V.,SANMEX F:MM,BBG000LTCF23
1287,SAP,Sap SE,SAP:MM,BBG000BQ9JD4
1288,SARE B,Sare Holding S.A.B. DE C.V.,SARE B:MM,BBG000LGVLV5
1289,SAVBMX1,Siefore Banamex DE Aportaciones Voluntarias S.A. DE C.V.,SAVBMX1:MM,BBG000GSP9X7
1290,SAVIA A,Savia S.A.,SAVIA A:MM,BBG000BTJ1W5
1291,SBRY,Sainsbury (J) plc,SBRY:MM,BBG005K19NJ3
1292,SBRY,Sainsbury (J) plc,SBRY:MM,BBG005K19NJ3
1293,SBSN,Cia De Saneamento Basico De Sao Paulo,SBSN:MM,BBG007F62P15
1294,SBUX,Starbucks Corp.,SBUX:MM,BBG000KVM0Y6
1295,SCC,ProShares UltraShort Consumer Services,SCC:MM,BBG000VR4YH8
1296,SCCO,Southern Copper Corporation,SCCO:MM,BBG000PP0611
1297,SCGLY,Societe Generale S.A.,SCGLY:MM,BBG000C3WLK5
1298,SCHW,Charles Schwab Corp.,SCHW:MM,BBG007KJPQB3
1299,SCHW,Charles Schwab Corp.,SCHW:MM,BBG007KJPQB3
1300,SCIF,VanEck Vectors India Small-Cap Index ETF,SCIF:MM,BBG001CDMXB6
1301,SCIF,VanEck Vectors India Small-Cap Index ETF,SCIF:MM,BBG001CDMXB6
1302,SCJ,BTC iShares MSCI Japan Small-Cap ETF,SCJ:MM,BBG000VGLR42
1303,SCZ,BTC iShares MSCI EAFE Small-Cap ETF,SCZ:MM,BBG000VGLSS4
1304,SDY,SSgA SPDR Dividend ETF,SDY:MM,BBG0029QTR89
1305,SDY,SSgA SPDR Dividend ETF,SDY:MM,BBG0029QTR89
1306,SFERN,Salvatore Ferragamo S.p.A.,SFERN:MM,BBG00FN3DY87
1307,SGOL,ETFS Physical Swiss Gold Shares,SGOL:MM,BBG002S0P550
1308,SGOL,ETFS Physical Swiss Gold Shares,SGOL:MM,BBG002S0P550
1309,SHOP,Shopify Inc,SHOP:MM,BBG00K1ZNLP7
1310,SHPG,Shire Plc.,SHPG:MM,BBG007PPS9S1
1311,SHPG,Shire Plc.,SHPG:MM,BBG007PPS9S1
1312,SHV,BTC iShares Short Treasury Bond ETF,SHV:MM,BBG000W0TDS3
1313,SHY,BTC iShares 1-3 Year Treasury Bond ETF,SHY:MM,BBG000Q90CJ4
1314,SHYG,BTC iShares 0-5 Year High Yield Corporate Bond ETF,SHYG:MM,BBG00B0GXPL4
1315,SHYG,BTC iShares 0-5 Year High Yield Corporate Bond ETF,SHYG:MM,BBG00B0GXPL4
1316,SI,Siemens AG,SI:MM,BBG000BQV7F3
1317,SIJ,ProShares UltraShort Industrials,SIJ:MM,BBG000VR4XK6
1318,SIL,Global X Silver Miners ETF,SIL:MM,BBG001DLL8F9
1319,SIL,Global X Silver Miners ETF,SIL:MM,BBG001DLL8F9
1320,SIMEC B,Grupo Simec S.A.B. de C.V.,SIMEC B:MM,BBG000BQCKX5
1321,SITES B-1,Telesites SAB DE CV,SITES B-1:MM,BBG00CVS9Y76
1322,SITES L,Telesites SAB DE CV,SITES L:MM,BBG00BP4HZ30
1323,SIVR,ETFS Physical Silver Shares,SIVR:MM,BBG002S0PDX2
1324,SIVR,ETFS Physical Silver Shares,SIVR:MM,BBG002S0PDX2
1325,SIZE,BTC iShares Edge MSCI USA Size Factor ETF,SIZE:MM,BBG007J6C4G1
1326,SIZE,BTC iShares Edge MSCI USA Size Factor ETF,SIZE:MM,BBG007J6C4G1
1327,SJNK,SPDR Bloomberg Barclays Short Term High Yield Bond ETF,SJNK:MM,BBG00K2NKCM9
1328,SKF,ProShares UltraShort Financials,SKF:MM,BBG000VR4X80
1329,SKYY,First Trust Cloud Computing ETF,SKYY:MM,BBG002ZSNSM4
1330,SKYY,First Trust Cloud Computing ETF,SKYY:MM,BBG002ZSNSM4
1331,SLB,Schlumberger Ltd.,SLB:MM,BBG000L4B5B1
1332,SLB,Schlumberger Ltd.,SLB:MM,BBG000L4B5B1
1333,SLQD,BTC iShares 0-5 Year Investment Grade Corporate Bond ETF,SLQD:MM,BBG00B0GY314
1334,SLQD,BTC iShares 0-5 Year Investment Grade Corporate Bond ETF,SLQD:MM,BBG00B0GY314
1335,SLV,BTC iShares Silver Trust,SLV:MM,BBG000PLP436
1336,SLX,VanEck Vectors Steel ETF,SLX:MM,BBG000W0Z2Q2
1337,SLY,SSgA SPDR S&P 600 Small Cap ETF,SLY:MM,BBG003CPM2W0
1338,SLY,SSgA SPDR S&P 600 Small Cap ETF,SLY:MM,BBG003CPM2W0
1339,SLYG,SSgA SPDR S&P 600 Small Cap Growth ETF,SLYG:MM,BBG002ZLDY65
1340,SLYV,SSqA SPDR S&P 600 Small Cap Value ETF,SLYV:MM,BBG002ZLF3G0
1341,SLYV,SSqA SPDR S&P 600 Small Cap Value ETF,SLYV:MM,BBG002ZLF3G0
1342,SMB,Van Eck Market Vectors Short Municipal Index ETF,SMB:MM,BBG003P08D44
1343,SMB,VanEck Vectors AMT-Free Short Municipal Index ETF,SMB:MM,BBG003P08D44
1344,SMH,VanEck Vectors Semiconductor ETF,SMH:MM,BBG00352S413
1345,SMH,VanEck Vectors Semiconductor ETF,SMH:MM,BBG00352S413
1346,SMHI,SEACOR Marine Holdings Inc,SMHI:MM,BBG00K66N6P9
1347,SMN,ProShares UltraShort Basic Materials,SMN:MM,BBG000VR4WS0
1348,SMSN,Samsung Electronics,SMSN:MM,BBG0035TG9B5
1349,SN,Sanchez Energy Corp,SN:MM,BBG0035TG5R6
1350,SNDK,Sandisk Corp.,SNDK:MM,BBG000LXZ9K3
1351,SNE,Sony Corporation.,SNE:MM,BBG000L4CNG6
1352,SNP,China Petroleum & Chemical Corp,SNP:MM,BBG001R5LJ29
1353,SOHUN,Sohu.com Inc,SOHUN:MM,BBG002WNF5C8
1354,SOLN,Renesola,SOLN:MM,BBG001R5LJ01
1355,SORIANA B,Organizacion Soriana S.A.,SORIANA B:MM,BBG000BQCK01
1356,SPHQ,PowerShares S&P 500 Quality Portfolio,SPHQ:MM,BBG001KKKF13
1357,SPHQ,PowerShares S&P 500 Quality Portfolio,SPHQ:MM,BBG001KKKF13
1358,SPORT S,Grupo Sports World S.A.B.DE C.V.,SPORT S:MM,BBG00162TLG1
1359,SPY,SSGA SPDR S&P 500,SPY:MM,BBG000CG49V2
1360,SPYG,SPDR Portfolio S&P 500 Growth ETF,SPYG:MM,BBG002ZLFGG1
1361,SPYG,SPDR Portfolio S&P 500 Growth ETF,SPYG:MM,BBG002ZLFGG1
1362,SPYV,SPDR Portfolio S&P 500 Value ETF,SPYV:MM,BBG002ZLFP35
1363,SPYV,SPDR Portfolio S&P 500 Value ETF,SPYV:MM,BBG002ZLFP35
1364,SRE,Sempra Energy,SRE:MM,BBG006WZQ9K3
1365,SRE,Sempra Energy,SRE:MM,BBG006WZQ9K3
1366,SRENN,Swiss Re Ltd,SRENN:MM,BBG005KT55G8
1367,SRGN,Snam S.p.A.,SRGN:MM,BBG009DTBLS3
1368,SRS,ProShares UltraShort Real Estate,SRS:MM,BBG000VR4WB8
1369,SSE,Seventy Seven Energy Inc,SSE:MM,BBG006R631W2
1370,SSE,Seventy Seven Energy Inc,SSE:MM,BBG006R631W2
1371,STLD,Steel Dynamics Inc.,STLD:MM,BBG000Q91S17
1372,STLD,Steel Dynamics Inc.,STLD:MM,BBG000Q91S17
1373,STM,ST Microelectronics,STM:MM,BBG000PWFYM6
1374,STO,Statoil ASA,STO:MM,BBG004D36R13
1375,STO,Statoil ASA,STO:MM,BBG004D36R13
1376,STPZ,PIMCO 1-5 Year U.S. TIPS Index Exchange-Traded Fund,STPZ:MM,BBG001WSD1D9
1377,STPZ,PIMCO 1-5 Year U.S. TIPS Index Exchange-Traded Fund,STPZ:MM,BBG001WSD1D9
1378,STZ,Constellation Brands Inc,STZ:MM,BBG000KC4N50
1379,SUN,Schneider Electric SE,SUN:MM,BBG008KSD940
1380,SUNE,SunEdison Inc,SUNE:MM,BBG000RC7LH1
1381,SURESTE B,Grupo Financiero Del Sureste S.A.,SURESTE B:MM,BBG002J3RG49
1382,SWC,Stillwater Mining Co.,SWC:MM,BBG000QNDTB0
1383,SXSN,Spectris,SXSN:MM,BBG00731NNN7
1384,SYT,Syngenta AG,SYT:MM,BBG0070HZFZ6
1385,SYT,Syngenta AG,SYT:MM,BBG0070HZFZ6
1386,SYY,Sysco Corp.,SYY:MM,BBG00HSH1B17
1387,T,"AT&T, Inc.",T:MM,BBG000HW5DZ8
1388,TCN,Thompson Creek Metals Company Inc,TCN:MM,BBG000R6GG58
1389,TDIV,First Trust ETF VI First Trust NASDAQ Technology Dividend Index Fund,TDIV:MM,BBG007NH1DT0
1390,TDIV,First Trust ETF VI First Trust NASDAQ Technology Dividend Index Fund,TDIV:MM,BBG007NH1DT0
1391,TDW,Tidewater Inc.,TDW:MM,BBG00K66N1Q9
1392,TEAK CPO,Proteak UNO S.A.B. DE C.V.,TEAK CPO:MM,BBG000QRB6B3
1393,TEF,Telefonica,TEF:MM,BBG000HKRTV9
1394,TEKCHEMA,TEKCHEM SAB DE CV,TEKCHEMA:MM,BBG000LXWFQ6
1395,TELINT A,Telmex International SAB De CV,TELINT A:MM,BBG000LHG8G6
1396,TELINT L,Telmex International SAB De CV,TELINT L:MM,BBG000HR6825
1397,TELMEX A,Telefonos de Mexico S.A.B. DE C.V.,TELMEX A:MM,BBG000DLFHF8
1398,TELMEX AA,Telefonos de Mexico S.A.B. DE C.V.,TELMEX AA:MM,BBG000HLQGT9
1399,TELMEX L,Telefonos de Mexico S.A.B. DE C.V.,TELMEX L:MM,BBG000D3Q5D4
1400,TELN,TE Connectivity Ltd,TELN:MM,BBG005KT55L2
1401,TERRA13,"Bank of New York Mellon S.A., Institucion de Banca Multiple",TERRA13:MM,BBG00492B479
1402,TGS,Transportadora de Gas del Sur,TGS:MM,BBG00K257CC4
1403,TGT,Target Corp,TGT:MM,BBG000KVMFB8
1404,THD,iShares MSCI Thailand ETF,THD:MM,BBG000V36SP3
1405,THRK,SPDR Portfolio Total Stock Market ETF,THRK:MM,BBG000MZ81F0
1406,TI,Telecom Italia S.p.A.,TI:MM,BBG000BQV8K5
1407,TIME,Time Inc,TIME:MM,BBG006M7NFR8
1408,TIME,Time Inc,TIME:MM,BBG006M7NFR8
1409,TIP,BTC iShares TIPS Bond ETF,TIP:MM,BBG000R5F7R7
1410,TIPZ,PIMCO Broad U.S. TIPS Index Exchange-Traded Fund,TIPZ:MM,BBG001WSB6G7
1411,TIPZ,PIMCO Broad U.S. TIPS Index Exchange-Traded Fund,TIPZ:MM,BBG001WSB6G7
1412,TITR,Telecom Italia S.p.A.,TITR:MM,BBG00HMXYB94
1413,TJX,"TJX Companies, Inc.",TJX:MM,BBG000P5Q564
1414,TLEVISA A,Grupo Televisa S.A.,TLEVISA A:MM,BBG000BQCBW6
1415,TLEVISA B,Grupo Televisa S.A.,TLEVISA B:MM,BBG000BVPWY3
1416,TLEVISA CPO,Grupo Televisa S.A.,TLEVISA CPO:MM,BBG000BQJ6X9
1417,TLEVISA D,Grupo Televisa S.A.,TLEVISA D:MM,BBG000BQCCD5
1418,TLEVISA L,Grupo Televisa S.A.,TLEVISA L:MM,BBG000BQCDH9
1419,TLH,BTC iShares 10-20 Year Treasury Bond ETF,TLH:MM,BBG000TKQ8Q9
1420,TLT,BTC iShares 20+ Year Treasury Bond ETF,TLT:MM,BBG000Q90HV9
1421,TM,Toyota Motor Corporation,TM:MM,BBG000C3WQ97
1422,TMM A,"Grupo TMM, S.A.B",TMM A:MM,BBG000KDGDV8
1423,TMO,Thermo Fisher Scientific Inc.,TMO:MM,BBG006BB8K60
1424,TMO,Thermo Fisher Scientific Inc.,TMO:MM,BBG006BB8K60
1425,TOK,BTC iShares MSCI KLD 400 Social ETF,TOK:MM,BBG000VGLRH8
1426,TOT,Total S.A.,TOT:MM,BBG000HKRWD2
1427,TRAXION,Grupo Traxion Sab De CV,TRAXION:MM,BBG00HFPWY91
1428,TREN,Tecnicas Reunidas,TREN:MM,BBG0077HF4S4
1429,TRIPLE1,FONDO BBVA BANCOMER INVERSION SA CV,TRIPLE1:MM,BBG000C0VMY5
1430,TRIPLE2,F BBVA BA ESTRUCTU DOS-A,TRIPLE2:MM,BBG000KWQ285
1431,TRN,"Trinity Industries, Inc.",TRN:MM,BBG005C51YY0
1432,TRN,"Trinity Industries, Inc.",TRN:MM,BBG005C51YY0
1433,TS,Tenaris S.A.,TS:MM,BBG000PLFJZ9
1434,TSCDY,Tesco plc,TSCDY:MM,BBG000C4CJ02
1435,TSLA,Tesla Inc,TSLA:MM,BBG0060GVHG1
1436,TSLA,Tesla Inc,TSLA:MM,BBG0060GVHG1
1437,TSM,Taiwan Semiconductor Manufacturing,TSM:MM,BBG000PWG450
1438,TSO,Andeavor,TSO:MM,BBG003D50F94
1439,TUR,BTC iShares MSCI Turkey ETF,TUR:MM,BBG000RM06T6
1440,TUZ,PIMCO 1-3 Year U.S. Treasury Index Exchange-Traded Fund,TUZ:MM,BBG001WSC7V7
1441,TUZ,PIMCO 1-3 Year U.S. Treasury Index Exchange-Traded Fund,TUZ:MM,BBG001WSC7V7
1442,TWM,ProShares UltraShort Russell2000,TWM:MM,BBG000VGLNW0
1443,TWTR,Twitter Inc,TWTR:MM,BBG0062BXT36
1444,TWTR,Twitter Inc,TWTR:MM,BBG0062BXT36
1445,TWX,Time Warner Inc,TWX:MM,BBG000L4J177
1446,TX,Ternium S.A.,TX:MM,BBG000RSZXT6
1447,TXN,Texas Instruments Inc.,TXN:MM,BBG000L4J033
1448,UBS,UBS Group AG,UBS:MM,BBG007Z01WL0
1449,UBS,UBS Group AG,UBS:MM,BBG007Z01WL0
1450,UDITRAC ISHRS,BGI ishares LATixx Mexico UDITRAC,UDITRAC ISHRS:MM,BBG000N8Y6V1
1451,UDN,PowerShares DB US Dollar Index Bearish Fund,UDN:MM,BBG000VC4VJ5
1452,UGP,Ultrapar Participacoes S.A.,UGP:MM,BBG000HL4G77
1453,UHRN,Swatch Group AG,UHRN:MM,BBG003C5G885
1454,UL,Unilever plc,UL:MM,BBG000HKRXH6
1455,UMSTRAC ISHRS,BGI ishares LATixx Mexico UMSTRAC,UMSTRAC ISHRS:MM,BBG000N8Y2T3
1456,UNH,Unitedhealth Group Inc,UNH:MM,BBG003LQM4W4
1457,UNH,Unitedhealth Group Inc,UNH:MM,BBG003LQM4W4
1458,UNIFIN A,Unifin Financiera SAB DE CV,UNIFIN A:MM,BBG00874VTN3
1459,UNP,Union Pacific Corp.,UNP:MM,BBG001QYJL25
1460,UPS,"United Parcel Service, Inc.",UPS:MM,BBG006BB8KG9
1461,UPS,"United Parcel Service, Inc.",UPS:MM,BBG006BB8KG9
1462,URBI,"Urbi, Desarrollos Urbanos, S.A.B. de C.V.",URBI:MM,BBG000C4K1X6
1463,URE,ProShares Ultra Real Estate,URE:MM,BBG000W3LTM6
1464,URTH,BTC iShares MSCI World ETF,URTH:MM,BBG0047C4850
1465,URTH,BTC iShares MSCI World ETF,URTH:MM,BBG0047C4850
1466,USB,U S Bancorp,USB:MM,BBG000QWG7X1
1467,USMC,Principal U.S. Mega-Cap Multi-Factor Index ETF,USMC:MM,BBG00K55PPZ7
1468,USMV,BTC iShares Edge MSCI Min Vol USA ETF,USMV:MM,BBG0035LWT20
1469,USMV,BTC iShares Edge MSCI Min Vol USA ETF,USMV:MM,BBG0035LWT20
1470,UTSI,UTStarcom Holdings Corp,UTSI:MM,BBG000DKQCK3
1471,UTSI,UTStarcom Holdings Corp,UTSI:MM,BBG000DKQCK3
1472,UTX,United Technologies Corp.,UTX:MM,BBG000HVVJC3
1473,UUP,PowerShares DB US Dollar Index Bullish Fund,UUP:MM,BBG000VCN9V9
1474,UWM,ProShares Ultra Russell2000,UWM:MM,BBG000VGLMN2
1475,UYG,ProShares Ultra Financials,UYG:MM,BBG000VR4V84
1476,UYM,ProShares Ultra Basic Materials,UYM:MM,BBG000W98XG6
1477,V,Visa Inc,V:MM,BBG000VK3SW0
1478,V,Visa Inc,V:MM,BBG000VK3SW0
1479,VALE,Vale S.A.,VALE:MM,BBG000F44GY7
1480,VALUEGF O,Value Grupo Financiero S.A.,VALUEGF O:MM,BBG000PFHC67
1481,VASCONI,Grupo Vasconia S.A.B.,VASCONI:MM,BBG000LXP611
1482,VAW,Vanguard Materials ETF,VAW:MM,BBG000RLXBC9
1483,VB,Vanguard Small Cap ETF,VB:MM,BBG000RKFNB6
1484,VBK,Vanguard Small Cap Growth ETF,VBK:MM,BBG000RKFP12
1485,VBR,Vanguard Small Cap Value ETF,VBR:MM,BBG000RKFPL0
1486,VCR,Vanguard Consumer Discretionary ETF,VCR:MM,BBG000RLXBM8
1487,VCSH,Vanguard Short-Term Corporate Bond ETF,VCSH:MM,BBG0024XHFQ8
1488,VCSH,Vanguard Short-Term Corporate Bond ETF,VCSH:MM,BBG0024XHFQ8
1489,VDC,Vanguard Consumer Staples ETF,VDC:MM,BBG000RLXCB8
1490,VDE,Vanguard Energy ETF,VDE:MM,BBG000RLXDF2
1491,VDJP,Vanguard FTSE Japan UCITS ETF,VDJP:MM,BBG00K62HVF1
1492,VEA,Vanguard FTSE Developed Markets ETF,VEA:MM,BBG000RL0BH0
1493,VESTA,Corporacion Inmobiliaria Vesta Sab,VESTA:MM,BBG002YLDXP7
1494,VET,Vetropack Holding AG,VET:MM,BBG00J6PB673
1495,VEU,Vanguard FTSE All-World ex-US ETF,VEU:MM,BBG000W5GM79
1496,VFH,Vanguard Financials ETF,VFH:MM,BBG000RLYK74
1497,VGK,Vanguard FTSE Europe ETF,VGK:MM,BBG000RKFRF3
1498,VGSH,Vanguard Short-Term Treasury ETF,VGSH:MM,BBG0024XHFK4
1499,VGSH,Vanguard Short-Term Treasury ETF,VGSH:MM,BBG0024XHFK4
1500,VGT,Vanguard Information Technology ETF,VGT:MM,BBG000RLYH99
1501,VHT,Vanguard Health Care ETF,VHT:MM,BBG000RLYJP7
1502,VHYD,Vanguard FTSE All-World High Dividend Yield UCITS ETF,VHYD:MM,BBG00K62HRF0
1503,VIG,Vanguard Dividend Appreciation FTF,VIG:MM,BBG000W4N8Y5
1504,VIOG,Vanguard S&P Small-Cap 600 Growth ETF,VIOG:MM,BBG00864YR55
1505,VIOV,Vanguard S&P Small-Cap 600 Value ETF,VIOV:MM,BBG00864YVG4
1506,VIS,Vanguard Industrials ETF,VIS:MM,BBG000RLZ8Z9
1507,VISCN,Viscofan,VISCN:MM,BBG0077HDTS1
1508,VISTA A,Vista Oil & Gas Sab De Cv,VISTA A:MM,BBG00GW6DF25
1509,VITRO A,Vitro S.A.B. DE C.V.,VITRO A:MM,BBG000FQVMB0
1510,VIVN,"Telefonica Brasil S.A.,",VIVN:MM,BBG000JSSS23
1511,VLO,Valero Energy Corp.,VLO:MM,BBG000C93CY9
1512,VLUE,BTC iShares Edge MSCI USA Value Factor ETF,VLUE:MM,BBG007J6C4P1
1513,VLUE,BTC iShares Edge MSCI USA Value Factor ETF,VLUE:MM,BBG007J6C4P1
1514,VNM,VanEck Vectors Vietnam ETF,VNM:MM,BBG001J183H1
1515,VNM,VanEck Vectors Vietnam ETF,VNM:MM,BBG001J183H1
1516,VNQ,Vanguard Real Estate Index Fund ETF,VNQ:MM,BBG000SZD8D5
1517,VNQI,Vanguard Global ex-U.S. Real Estate ETF,VNQI:MM,BBG0024XH9Y3
1518,VNQI,Vanguard Global ex-U.S. Real Estate ETF,VNQI:MM,BBG0024XH9Y3
1519,VO,Vanguard Mid-Cap ETF,VO:MM,BBG000RKFMZ2
1520,VOD,Vodafone Group plc,VOD:MM,BBG000HKSZJ8
1521,VOE,Vanguard Mid-Cap Value ETF,VOE:MM,BBG000R71J56
1522,VOLAR,Controladora Vuela Cia De Aviacion,VOLAR:MM,BBG004P00NR3
1523,VONE,Vanguard Russell 1000 Index ETF,VONE:MM,BBG00864YQ48
1524,VONG,Vanguard Russell 1000 Growth Index ETF,VONG:MM,BBG00864YQD8
1525,VONG,Vanguard Russell 1000 Growth Index ETF,VONG:MM,BBG00864YQD8
1526,VONV,Vanguard Russell 1000 Value Index ETF,VONV:MM,BBG00864YQ02
1527,VOO,Vanguard S&P 500 ETF,VOO:MM,BBG0024XH857
1528,VOO,Vanguard S&P 500 ETF,VOO:MM,BBG0024XH857
1529,VOOG,Vanguard S&P 500 Growth ETF,VOOG:MM,BBG00864YRP3
1530,VOOG,Vanguard S&P 500 Growth ETF,VOOG:MM,BBG00864YRP3
1531,VOOV,Vanguard S&P 500 Value ETF,VOOV:MM,BBG00864YRJ0
1532,VOOV,Vanguard S&P 500 Value ETF,VOOV:MM,BBG00864YRJ0
1533,VOT,Vanguard Mid-Cap Growth ETF,VOT:MM,BBG000R71HR6
1534,VOX,Vanguard Telecom Services ETF,VOX:MM,BBG000RLZT01
1535,VPL,Vanguard FTSE Pacific ETF,VPL:MM,BBG000RKFSF1
1536,VPU,Vanguard Utilities ETF,VPU:MM,BBG000RLZW68
1537,VRTX,"Vertex Pharmaceuticals, Inc.",VRTX:MM,BBG004PVSS21
1538,VRTX,"Vertex Pharmaceuticals, Inc.",VRTX:MM,BBG004PVSS21
1539,VRXN,Valeant Pharmaceuticals International Inc,VRXN:MM,BBG0077HC5W9
1540,VSS,Vanguard FTSE All-World Ex-US Small Capital Index Fund ETF,VSS:MM,BBG000QS03R3
1541,VT,Vanguard Total World Stock ETF,VT:MM,BBG000QS04L7
1542,VTHR,Vanguard Russell 3000 Index ETF,VTHR:MM,BBG00864YPW9
1543,VTHR,Vanguard Russell 3000 Index ETF,VTHR:MM,BBG00864YPW9
1544,VTI,Vanguard Total Stock Market ETF,VTI:MM,BBG000PQY658
1545,VTIP,Vanguard Short-Term Inflation-Protected Securities Index Fund,VTIP:MM,BBG00864YQV8
1546,VTIP,Vanguard Short-Term Inflation-Protected Securities Index Fund,VTIP:MM,BBG00864YQV8
1547,VTV,Vanguard Value ETF,VTV:MM,BBG000RKFM64
1548,VTWG,Vanguard Russell 2000 Growth Index ETF,VTWG:MM,BBG00864YW36
1549,VTWO,Vanguard Russell 2000 Index ETF,VTWO:MM,BBG00864YP95
1550,VTWO,Vanguard Russell 2000 Index ETF,VTWO:MM,BBG00864YP95
1551,VTWV,Vanguard Russell 2000 Value Index ETF,VTWV:MM,BBG00864YPL1
1552,VTWV,Vanguard Russell 2000 Value Index ETF,VTWV:MM,BBG00864YPL1
1553,VUG,Vanguard Growth ETF,VUG:MM,BBG000RKFLK0
1554,VUKE,Vanguard FTSE 100 UCITS ETF,VUKE:MM,BBG00K62HWM1
1555,VV,Vanguard Large Cap ETF,VV:MM,BBG000S8P058
1556,VWO,Vanguard FTSE Emerging Markets ETF,VWO:MM,BBG000RKFQP4
1557,VWOB,Vanguard Emerging Markets Government Bond ETF,VWOB:MM,BBG00864YR28
1558,VWOB,Vanguard Emerging Markets Government Bond ETF,VWOB:MM,BBG00864YR28
1559,VXF,Vanguard Extended Market Index ETF,VXF:MM,BBG000RLZV24
1560,VXUS,Vanguard Total International Stock ETF,VXUS:MM,BBG00864YQG5
1561,VXUS,Vanguard Total International Stock ETF,VXUS:MM,BBG00864YQG5
1562,VYM,Vanguard High Dividend Yield Indx ETF,VYM:MM,BBG000WC6FT6
1563,VZ,Verizon Communications Inc,VZ:MM,BBG000K4V7P1
1564,VZ,Verizon Communications Inc,VZ:MM,BBG000K4V7P1
1565,WALMEX,Wal-mart de Mexico S A B de C V,WALMEX:MM,BBG000BRQ507
1566,WEIRN,Weir Group plc,WEIRN:MM,BBG007Z013V3
1567,WFC,Wells Fargo & Co.,WFC:MM,BBG000L4J3X4
1568,WHR,Whirlpool Corp.,WHR:MM,BBG006R62NY3
1569,WHR,Whirlpool Corp.,WHR:MM,BBG006R62NY3
1570,WINN,Diebold Nixdorf AG,WINN:MM,BBG008G865Q1
1571,WIP,SPDR Citi International Government Inflation-Protected Bond ETF,WIP:MM,BBG000VXLY13
1572,WLT,Walter Energy Inc,WLT:MM,BBG001NMCX52
1573,WMT,Walmart Inc,WMT:MM,BBG000HVM2F7
1574,WOOD,BTC iShares Global Timber & Forestry ETF,WOOD:MM,BBG0014PC7S8
1575,WPP,WPP Plc.,WPP:MM,BBG00HKWVB64
1576,WRI,Weingarten Realty Investors,WRI:MM,BBG000L628S2
1577,WSM,"Williams-Sonoma, Inc.",WSM:MM,BBG00HSH19B1
1578,WTB,Whitbread plc,WTB:MM,BBG00B6G7XG6
1579,WTB,Whitbread plc,WTB:MM,BBG00B6G7XG6
1580,WU,Western Union Company,WU:MM,BBG001NMCYS5
1581,WYNN,Wynn Resorts Ltd.,WYNN:MM,BBG000SXMB61
1582,X,United States Steel Corp.,X:MM,BBG000M06Q73
1583,X,United States Steel Corp.,X:MM,BBG000M06Q73
1584,XBI,SSgA SPDR Biotech,XBI:MM,BBG003CPLYK4
1585,XBI,SSgA SPDR Biotech,XBI:MM,BBG003CPLYK4
1586,XCAD,Xtrackers MSCI Canada UCITS ETF 1C,XCAD:MM,BBG00JRLZV23
1587,XCS6,Xtrackers MSCI China UCITS ETF 1C,XCS6:MM,BBG00JRLW7V7
1588,XDSD,Xtrackers MSCI EMU UCITS ETF 1C USD Hedged,XDSD:MM,BBG00JRLVWW2
1589,XDSE,Xtrackers MSCI EMU UCITS 1D,XDSE:MM,BBG00JRKQBB9
1590,XES,SSgA SPDR Oil & Gas Equipment and Services,XES:MM,BBG002ZLFWF7
1591,XES,SSgA SPDR Oil & Gas Equipment and Services,XES:MM,BBG002ZLFWF7
1592,XHB,SSgA SPDR Homebuilders,XHB:MM,BBG002QXHV98
1593,XHB,SSgA SPDR Homebuilders,XHB:MM,BBG002QXHV98
1594,XIU,BlackRock Canada iShares S&P/TSX 60 Index ETF,XIU:MM,BBG000GNK035
1595,XLB,SSgA Materials Select Sector SPDR,XLB:MM,BBG000KC2W70
1596,XLE,SSgA Energy Select Sector SPDR,XLE:MM,BBG000KC2TH6
1597,XLF,SSgA Financial Select Sector SPDR,XLF:MM,BBG000KC1RB7
1598,XLI,SSgA Industrial Select Sector SPDR,XLI:MM,BBG000KC1Q92
1599,XLK,SSgA Technology Select Sector SPDR,XLK:MM,BBG000KC1PM9
1600,XLNX,"Xilinx, Inc.",XLNX:MM,BBG004PYGZ68
1601,XLNX,"Xilinx, Inc.",XLNX:MM,BBG004PYGZ68
1602,XLP,SSgA Consumer Staples Select Sector SPDR,XLP:MM,BBG000KC1ML7
1603,XLU,SSgA Utilities Select Sector SPDR,XLU:MM,BBG000KC1LB0
1604,XLV,SSgA Health Care Select Sector SPDR,XLV:MM,BBG000KC1JM3
1605,XLY,SSgA Consumer Discretionary Select Sector SPDR,XLY:MM,BBG000KC1HG4
1606,XMBD,Xtrackers MSCI Brazil UCITS ETF 1C,XMBD:MM,BBG00JRLL026
1607,XME,SSgA SPDR Metals & Mining,XME:MM,BBG00322M5J0
1608,XME,SSgA SPDR Metals & Mining,XME:MM,BBG00322M5J0
1609,XMED,Xtrackers MSCI Europe UCITS ETF 1C,XMED:MM,BBG00JRM1YK2
1610,XMJD,Xtrackers MSCI Japan UCITS ETF 1C,XMJD:MM,BBG00JRM1QQ3
1611,XMKO,Xtrackers MSCI Korea UCITS ETF 1C,XMKO:MM,BBG00JRM2HX4
1612,XMTD,Xtrackers MSCI Taiwan UCITS ETF 1C,XMTD:MM,BBG00JRLVPG5
1613,XMUJ,Xtrackers MSCI Japan UCITS ETF 2D USD Hedged,XMUJ:MM,BBG00JRM0QS2
1614,XMVE,Xtrackers MSCI EMU Minimum Volatility UCITS ETF 1D,XMVE:MM,BBG00JRKQ9T5
1615,XMVU,Xtrackers MSCI USA Minimum Volatility UCITS ETF 1D,XMVU:MM,BBG00JRKPLH2
1616,XMX,WisdomTree Global ex-Mexico Equity Fund,XMX:MM,BBG00GW5Z0W3
1617,XOM,Exxon Mobil Corp.,XOM:MM,BBG000HV6VY0
1618,XOP,SSgA SPDR Oil & Gas Exploration and Production,XOP:MM,BBG000VXLXB4
1619,XPH,SSgA SPDR Pharmaceuticals,XPH:MM,BBG0021PY6Z9
1620,XPH,SSgA SPDR Pharmaceuticals,XPH:MM,BBG0021PY6Z9
1621,XPXD,Xtrackers MSCI Pacific ex Japan UCITS ETF 1C,XPXD:MM,BBG00JRM0HW7
1622,XRT,SSgA SPDR Retail,XRT:MM,BBG003CPLY24
1623,XRT,SSgA SPDR Retail,XRT:MM,BBG003CPLY24
1624,XRU,Rydex CurrencyShares Russian Ruble Trust,XRU:MM,BBG000QS05J7
1625,XSB,iShares Core Canadian Short Term Bond Index ETF,XSB:MM,BBG001CGR017
1626,XSB,iShares Core Canadian Short Term Bond Index ETF,XSB:MM,BBG001CGR017
1627,XSD,SSgA SPDR Semiconductors,XSD:MM,BBG002QXHVM3
1628,XSD,SSgA SPDR Semiconductors,XSD:MM,BBG002QXHVM3
1629,YGE,Yingli Green Energy Holding Co Ltd.,YGE:MM,BBG001R5LJ47
1630,YHOO,Altaba Inc,YHOO:MM,BBG000PB3T19
1631,YPFN,YPF,YPFN:MM,BBG001PJFN10
1632,YYY,ETCT YieldShares High Income ETF,YYY:MM,BBG008LGBP50
1633,YYY,ETCT YieldShares High Income ETF,YYY:MM,BBG008LGBP50
1634,ZCAP1B,ZCAP1-B,ZCAP1B:MM,BBG000KL6ZC3
1635,ZCAP2B,ZCAP2 SA DE CV SIC-B,ZCAP2B:MM,BBG000KL75H3
1636,ZINC,Horsehead Hldg Corp,ZINC:MM,BBG00594CY57
1637,ZROZ,PIMCO 25+ Year Zero Coupon U.S. Treasury Index Exchange-Traded Fund,ZROZ:MM,BBG003CPM330
1638,ZROZ,PIMCO 25+ Year Zero Coupon U.S. Treasury Index Exchange-Traded Fund,ZROZ:MM,BBG003CPM330
